{"data":{"maalemJson":{"testimonial":{"slogan":"Frequently Asked Questions","title":"More About Our Products, Tips, Plan, Offer and more...00","reviews":[{"id":1,"title":"This is Question Line-001 ?","description":"Lorem ipsum dolor sit amet consectetur adipisicing elit sed eiusmod tempor incididunt labore dolore features Lorem ipsum dolor sit amet consectetur adipisicing.","avatar":"https://pbs.twimg.com/profile_images/974736784906248192/gPZwCbdS.jpg","name":"Jon Doe","designation":"CEO of intelora.co.in.","review":4},{"id":2,"title":"This is Question Line-002 ?","description":"Lorem ipsum dolor sit amet consectetur adipisicing elit sed eiusmod tempor incididunt labore dolore features Lorem ipsum dolor sit amet consectetur adipisicing.","avatar":"https://randomuser.me/api/portraits/women/44.jpg","name":"Jeny Doe","designation":"Co Founder of intelora.co.in.","review":5},{"id":3,"title":"This is Question Line-003 ?","description":"Lorem ipsum dolor sit amet consectetur adipisicing elit sed eiusmod tempor incididunt labore dolore features Lorem ipsum dolor sit amet consectetur adipisicing.","avatar":"https://tinyfac.es/data/avatars/475605E3-69C5-4D2B-8727-61B7BB8C4699-500w.jpeg","name":"Jon Doe","designation":"Co Founder of intelora.co.in.","review":5}]}}}}