{"data":{"appJson":{"featuresSliderTwo":[{"id":1,"title":"Super Performance","image":{"publicURL":"/static/68cc470c619372c80ebc175223042000/6.svg"}},{"id":2,"title":"Search Optimization","image":{"publicURL":"/static/2da94aa9fecef83c531b0ee3bc5b00eb/1.svg"}},{"id":3,"title":"Customer Support","image":{"publicURL":"/static/97e7cf32651349361207ae250bc7a9fc/2.svg"}},{"id":4,"title":"100% Response Time","image":{"publicURL":"/static/49f4f70d1014d99e3d06b330b4ace04d/3.svg"}},{"id":5,"title":"Maintaining Milestones","image":{"publicURL":"/static/e40e48e0cb1f8845c0ab232f793bd520/4.svg"}},{"id":6,"title":"Organised Code","image":{"publicURL":"/static/ed8fec77c24bff2b1c4d806e14767439/5.svg"}}]}}}