{"data":{"portfolioJson":{"CLIENTS":[{"title":"Microsoft","image":{"publicURL":"/static/b17577c2e0161cf31ed586fc6aeb8ff0/client-1.png"}},{"title":"Airbnb","image":{"publicURL":"/static/aa1f059690d973f7ced21a7c3adf012b/client-2.png"}},{"title":"Adidas","image":{"publicURL":"/static/40c3d82f0f02a3fc2c19926ba5c8e7a4/client-3.png"}},{"title":"IBM","image":{"publicURL":"/static/11c9744f8915ad079804788b97bfa1f8/client-4.png"}},{"title":"Amazon","image":{"publicURL":"/static/55615e15d88952f3be47819ec03a27e6/client-5.png"}},{"title":"Google","image":{"publicURL":"/static/cf9d07d69a2fe0f147b2a5d0f17a0b2d/client-6.png"}}]}}}