{"data":{"hostingModernJson":{"faqs":[{"id":1,"title":"Which domain should I purchase?","desc":"We make it easy to move to CometNine. Simply contact us and we'll move your hosting account from any other provider, regardless of the control panel. If at anytime your website is down for more than 0.1% result"},{"id":4,"title":"Can I upgrade or downgrade my web hosting plan","desc":"The pricing made me a little hesitant at first but I have been pleasantly surprised by the level of care given by CometNine."},{"id":2,"title":"What are some tips when choosing a name?","desc":"Get your website tests delivered at the home collect a sample from management news. Get your blood tests delivered at the home collect a sample from management news. Get your blood tests delivered at the home collect a sample from management news."},{"id":5,"title":"How do I upgrade the storage capacity of my hosting plan?","desc":"Stop your viewers from getting distracted. Publish videos to your own Channel and rest easy knowing viewers won’t be annoyed by ads or pulled down a rabbit hole of unrelated videos."},{"id":3,"title":"What if I need help choosing the right domain?","desc":"Create a hub for cross-functional work that also works with all your other tools. Centralize and standardize communication with Miro. All premium functional are included here with updates."},{"id":6,"title":"What is in InMotion Hosting’s uptime rate?","desc":"Designed with beginners in mind and packed with advanced features developers will love. Start with a quick and simple install"},{"id":7,"title":"Learn from community on Brandwagon","desc":"Brian Halligan knows that you need more than a great product to have a great brand. Hear his thoughts & score a peek at our wagon."}]}}}