{"data":{"rideJson":{"Features":[{"id":1,"title":"Delivery","description":"Documents, accessories, packages and even gifts! Deliver them all within your city, in a jiffy!","img":{"publicURL":"/static/20109a9c06ed43232881a846cc5a0694/feature-2.svg"}},{"id":2,"title":"Bike Share","description":"All the Riders have been verified by us. Not random people with bikes that we don’t know.","img":{"publicURL":"/static/2bc1a03b778a8a87ecb49f67de2f1638/feature-1.svg"}},{"id":3,"title":"Food","description":"Order food from your favorite Place near you with the convenience of Godrive.","img":{"publicURL":"/static/2bc1a03b778a8a87ecb49f67de2f1638/feature-1.svg"}}]}}}