{"data":{"interiorJson":{"galleryData":[{"id":1,"thumb_url":{"publicURL":"/static/b2b7c298a124bb208d1a1e462196b48f/1.jpg"},"name":"Eco friendly","link":"#"},{"id":2,"thumb_url":{"publicURL":"/static/b2b7c298a124bb208d1a1e462196b48f/2.jpg"},"name":"Living","link":"#"},{"id":3,"thumb_url":{"publicURL":"/static/b2b7c298a124bb208d1a1e462196b48f/3.jpg"},"name":"Corner","link":"#"},{"id":4,"thumb_url":{"publicURL":"/static/b2b7c298a124bb208d1a1e462196b48f/4.jpg"},"name":"Wall decor","link":"#"},{"id":5,"thumb_url":{"publicURL":"/static/b2b7c298a124bb208d1a1e462196b48f/5.jpg"},"name":"Restroom","link":"#"}]}}}