{"data":{"rideJson":{"LatestNews":[{"id":1,"title":"Built for drivers, with drivers","description":"The new Driver app helps you earn smarter and supports you–like a partner–at every turn.","buttonText":"Learn More","img":{"publicURL":"/static/b6f5945245d47412fceecddba14575c7/blog-1.svg"}},{"id":2,"title":"Bike Share","description":"All the Riders have been verified by us. Not random people with bikes that we don’t know.","buttonText":"Learn More","img":{"publicURL":"/static/b6f5945245d47412fceecddba14575c7/blog-1.svg"}}]}}}