{"data":{"agencyJson":{"qualityFeature":[{"description":"By using Search Engine Optimization, You will get more Clients.","icon":"flaticon-flask","id":1,"title":"Search Optimization"},{"description":"We respect our customer opinions and deals with them with perfect wireframing.","icon":"flaticon-pencil-case","id":2,"title":"Wireframing Task"},{"description":"We provide the best UI/UX Design by following the latest trends of the market .","icon":"flaticon-ruler","id":3,"title":"Ui/Ux Design"},{"description":"Proper Content Management is important to find out the real clients for your agencies .","icon":"flaticon-briefing","id":4,"title":"Content Writting"}]}}}