{"data":{"cryptoJson":{"PROOFS_FEATURE":[{"title":"Instant trading","des":"Never miss a price swing.","image":{"publicURL":"/static/48d382e9b2d64f96cdf6de6227f2b1db/proof1.svg"}},{"title":"No hidden fees","des":"know our fees upfront.","image":{"publicURL":"/static/2b247fec2fbfa660c2c098cbf1bc34b3/proof2.svg"}},{"title":"Secure storage","des":"Sleep with peace of mind.","image":{"publicURL":"/static/efa5a3c4824fd2a8dc250118c3dd89dd/proof3.svg"}},{"title":"Systematic trading","des":"History intraday market.","image":{"publicURL":"/static/b7f02724f2af4632a36d4d1e6ee15909/proof4.svg"}},{"title":"Network Effect","des":"Casinos contribute 1%.","image":{"publicURL":"/static/242288547e926a438975e0f5369c7820/proof5.svg"}},{"title":"Bigger Rewards","des":"Players are incentivized.","image":{"publicURL":"/static/452105cc35f80902fa19409e06ce3234/proof6.svg"}}]}}}