{"data":{"interiorJson":{"menuData":[{"path":"#feature","label":"Feature","offset":"80"},{"path":"#aboutUs","label":"About","offset":"80"},{"path":"#project","label":"Project","offset":"80"},{"path":"#team","label":"Team","offset":"80"},{"path":"#news","label":"News","offset":"40"},{"path":"#testimonial","label":"Testimonial","offset":"80"}],"socialProfile":[{"id":1,"icon":"flaticon-facebook-logo","link":"#"},{"id":2,"icon":"flaticon-twitter-logo-silhouette","link":"#"},{"id":3,"icon":"flaticon-instagram","link":"#"},{"id":4,"icon":"flaticon-tumblr-logo","link":"#"},{"id":5,"icon":"flaticon-dribble-logo","link":"#"}]}}}