{"data":{"cryptoModernJson":{"Features":[{"id":1,"title":"Great Market Value","description":"The leading digital currency by market capitalization, has grown in value by more than 10 times.","icon":{"publicURL":"/static/44066c967d4d0f2f3ebcac86427d5edb/feature-1.png"}},{"id":2,"title":"Verified Mining","description":"Your mining rigs are already set up and running. As soon as you set up your account.","icon":{"publicURL":"/static/7aeb9ae0bc183fcac1de2fd34ce44f18/feature-2.png"}},{"id":3,"title":"Fastest Miner","description":"Don’t wrestle with rig assembly and hot, noisy miners at home. We have the fastest bitcoin mining.","icon":{"publicURL":"/static/58217166119efd5cacde5a6cadf5d5c7/feature-3.png"}},{"id":4,"title":"Secure Transactions","description":"You can mine any cryptocurrency available in our catalogue! Switch your mining power.","icon":{"publicURL":"/static/8ea6b16d4794938f5bd9319fe112772f/feature-4.png"}}]}}}