{"data":{"saasModernJson":{"FEATURES":[{"title":"Easy Onboarding","description":"Get your proof tests delivered home collect a sample from the news get design.","icon":{"publicURL":"/static/8ba969aefbab89398e7d65975e8156a1/icon-1.png"}},{"title":"Instant Approval","description":"Get your proof tests delivered home collect a sample from the news get design.","icon":{"publicURL":"/static/45a6032e38c6bf9432caf58a8cef9ac3/icon-2.png"}},{"title":"Affordable Loan","description":"Get your proof tests delivered home collect a sample from the news get design.","icon":{"publicURL":"/static/5c2cf18dea382e8941b86c4dfdd8db97/icon-3.png"}},{"title":"Customize Loan","description":"Get your proof tests delivered home collect a sample from the news get design.","icon":{"publicURL":"/static/8ea6d27de4ef978e976fb35cdd3adf7a/icon-4.png"}},{"title":"Feature & Offer - 2","description":"Get your proof tests delivered home collect a sample from the news get design.","icon":{"publicURL":"/static/9f491b6a5c4aa601db363f1898d55115/icon-5.png"}},{"title":"Customer Support","description":"Get your proof tests delivered home collect a sample from the news get design.","icon":{"publicURL":"/static/03e0927a30e3fc188fbf88843c8c4265/icon-6.png"}}]}}}