{"data":{"appClassicJson":{"keyFeatures":{"slogan":"WHATS THE FUNCTION","title":"Meet the feature of app","features":[{"id":1,"color":"#F55767","icon":{"publicURL":"/static/94a77946176a1baf8ea606d315dea2d8/keyFeature-1.svg"},"title":"Fast Performance","description":"Get your blood tests delivered at home collect a sample from the news your blood tests."},{"id":2,"color":"#2563FF","icon":{"publicURL":"/static/9f9cb0219ea734bfd6deb6c3e43e3845/keyFeature-2.svg"},"title":"Prototyping","description":"Get your blood tests delivered at home collect a sample from the news your blood tests."},{"id":3,"color":"#40975F","icon":{"publicURL":"/static/ce88e4f5c790350b0e7e04345454aaa9/keyFeature-3.svg"},"title":"Vector Editing","description":"Get your blood tests delivered at home collect a sample from the news your blood tests."}]}}}}