{"data":{"sassMinimalJson":{"TWITTER_DATA":[{"name":"Jonathan Taylor","designation":"CEO at Creativex","content":"Whenever I need to create a new cool ecommerce site for clients, @redqteam is my solution is the best agency. We are super excited about it.","image":{"publicURL":"/static/19956ce886f13d49abbfb18364f7acc9/twitter-1-1.png"}},{"name":"Gavin Park","designation":"CEO at Orbital","content":"@redqteam is great for creating with landing pages within minutes! It then actually takes less time…","image":{"publicURL":"/static/7aefb671d2cb6785ddf19c7e8495dacd/twitter-1-2.png"}},{"name":"Betty Norton","designation":"Freelance Designer","content":"Whenever I need to create a new cool ecommerce site for clients, @redqteam is my solution is the best agency. We are super excited about it.","image":{"publicURL":"/static/54643b6c99eb05dd794bdd231a522fcc/twitter-1-3.png"}}]}}}