{"data":{"interiorJson":{"featureData":{"title":"OUR SERVICES","slogan":"Featured Service that We Provide","features":[{"id":1,"icon":{"publicURL":"/static/fd7735a6eb1f3879c3101a636408f9b9/1.svg"},"title":"Corporate Design","description":"Corporate design is a crucial part of your brand. Our approach corporate design is extraordinary."},{"id":2,"icon":{"publicURL":"/static/f830efd893912c752db7eb34467d41cc/2.svg"},"title":"Landscape Design","description":"Learn more about landscape plans, how to design them, what to watch out for in your layout."},{"id":3,"icon":{"publicURL":"/static/377403e7816bcdf169c4f047c228e9e4/3.svg"},"title":"Interior Design","description":"Discover our design ideas, beautiful photos and how-to projects to create Interior Design."}]}}}}