{"data":{"appClassicJson":{"featuresTab":{"slogan":"DIFFERENTIATION","title":"Ultimate features that we built","tab":[{"id":1,"color":"#F55767","icon":{"publicURL":"/static/38efaa5f431a97d945bc0d86c96c451b/appTabIcon1.svg"},"title":"Easy Onboarding","description":"Get your proof tests delivered home collect a sample.","image":{"publicURL":"/static/7fc2daa378e5fdc4230a58898edbf471/appTabImg1.png"}},{"id":2,"color":"#40975F","icon":{"publicURL":"/static/26f24b9ec41cbcb422ac8bf4d721ca26/appTabIcon2.svg"},"title":"Customize Loan","description":"Get your proof tests delivered home collect a sample.","image":{"publicURL":"/static/235746fb1b29ec41ef75ecf203ece5b2/appTabImg2.png"}},{"id":3,"color":"#5856D6","icon":{"publicURL":"/static/f539922bbc6a1d341f2bd991bb795628/appTabIcon3.svg"},"title":"Feature & Offer - 2","description":"Get your proof tests delivered home collect a sample.","image":{"publicURL":"/static/235746fb1b29ec41ef75ecf203ece5b2/appTabImg3.png"}},{"id":4,"color":"#D6AB00","icon":{"publicURL":"/static/a6b3826fe61013e0456c6d62c2d817a4/appTabIcon4.svg"},"title":"Affordable Loan","description":"Get your proof tests delivered home collect a sample.","image":{"publicURL":"/static/235746fb1b29ec41ef75ecf203ece5b2/appTabImg4.png"}},{"id":5,"color":"#E97325","icon":{"publicURL":"/static/fa38e170d7df19acf6be546cc4549c95/appTabIcon5.svg"},"title":"Customer Support","description":"Get your proof tests delivered home collect a sample.","image":{"publicURL":"/static/235746fb1b29ec41ef75ecf203ece5b2/appTabImg5.png"}},{"id":6,"color":"#3DABDD","icon":{"publicURL":"/static/153018a79782c73588c295cff76124fd/appTabIcon6.svg"},"title":"Instant Approval","description":"Get your proof tests delivered home collect a sample.","image":{"publicURL":"/static/235746fb1b29ec41ef75ecf203ece5b2/appTabImg6.png"}}]}}}}