{"data":{"hostingModernJson":{"pricingInfo":[{"id":1,"title":"Startup Pack","desc":"For the startup team who work with new come data stack","price":25.99,"buttonText":"Start Free Trial","isRecommended":false,"features":[{"id":1,"name":"Ultimate access to all course, exercises and assessments","isDisabled":false},{"id":2,"name":"Free access for all kind of exercise corrections with downloads.","isDisabled":false},{"id":3,"name":"Total assessment corrections with free download access system","isDisabled":false},{"id":4,"name":"Unlimited download of courses on the mobile app contents","isDisabled":true}]},{"id":2,"title":"Premium Pack","desc":"For the organization who work with new come data stack","price":29.99,"buttonText":"Start Free Trial","isRecommended":true,"features":[{"id":1,"name":"Ultimate access to all course, exercises and assessments","isDisabled":false},{"id":2,"name":"Free access for all kind of exercise corrections with downloads.","isDisabled":false},{"id":3,"name":"Total assessment corrections with free download access system","isDisabled":false},{"id":4,"name":"Unlimited download of courses on the mobile app contents","isDisabled":false}]},{"id":3,"title":"Ultimate Pack","desc":"For the organization who work with new come data stack","price":34.99,"buttonText":"Start Free Trial","isRecommended":false,"features":[{"id":1,"name":"Ultimate access to all course, exercises and assessments","isDisabled":false},{"id":2,"name":"Free access for all kind of exercise corrections with downloads.","isDisabled":false},{"id":3,"name":"Total assessment corrections with free download access system","isDisabled":false},{"id":4,"name":"Unlimited download of courses on the mobile app contents","isDisabled":false}]}]}}}