{"data":{"agencyJson":{"features":[{"description":"By using Search Engine Optimization, You will get more Clients","id":1,"icon":"flaticon-flask","title":"Search Optimization"},{"description":"We provide the best UI/UX Design by following the latest trends of the market .","id":2,"icon":"flaticon-pencil-case","title":"Ui/UX Design"},{"description":"We respect our customer opinions and deals with them with perfect wireframing ","id":3,"icon":"flaticon-ruler","title":"Wireframing Task"},{"description":"We are commited to provide proper business solutions with reasonable pricing","id":4,"icon":"flaticon-startup","title":"Business Solutions"},{"description":"A day to day report about your ongoing business for proper understanding","id":5,"icon":"flaticon-briefing","title":"Business Analysis"},{"description":"Proper Content Management is important to find out the real clients for your agencies","id":6,"icon":"flaticon-creative","title":"Content Management"}]}}}