{"data":{"agencyModernJson":{"leftMenuItems":[{"label":"Home","path":"#home","offset":"70"},{"label":"Services","path":"#services","offset":"70"},{"label":"Features","path":"#features","offset":"70"},{"label":"News","path":"#news","offset":"70"}],"rightMenuItems":[{"label":"Login","path":"#","offset":"70"},{"label":"Sign Up","path":"#","offset":"70"}],"mobileMenuItems":[{"label":"Home","path":"#home","offset":"70"},{"label":"Services","path":"#services","offset":"70"},{"label":"Features","path":"#features","offset":"70"},{"label":"News","path":"#news","offset":"70"},{"label":"Login","path":"#","offset":"70"},{"label":"Sign Up","path":"#","offset":"70"}]}}}