{"data":{"sassMinimalJson":{"FEATURE_DATA":[{"title":"Unlimited members","text":"We enjoy office retreats and visit famous places of our country and abroad also! We have planned to extend our business."},{"title":"Chat prompt supported","text":"We enjoy office retreats and visit famous places of our country and abroad also! We have planned to extend our business."},{"title":"Unlimited members","text":"We enjoy office retreats and visit famous places of our country and abroad also! We have planned to extend our business."},{"title":"Google analytics platform","text":"We enjoy office retreats and visit famous places of our country and abroad also! We have planned to extend our business."},{"title":"Optimized hashtags enable","text":"We enjoy office retreats and visit famous places of our country and abroad also! We have planned to extend our business."},{"title":"Google analytics platform","text":"We enjoy office retreats and visit famous places of our country and abroad also! We have planned to extend our business."}]}}}