{"data":{"saasModernJson":{"PROCESS_ITEMS":[{"title":"Download our app","description":"Get your blood tests delivered at home collect a sample from the news Get your blood tests delivered with terms.","image":{"publicURL":"/static/96fa1e4c9899dd7191b77f64dfa2bfa6/process-1.svg"}},{"title":"Create a free account","description":"Get your blood tests delivered at home collect a sample from the news Get your blood tests delivered with terms.","image":{"publicURL":"/static/c3d05532937c85113df33d93140410de/process-2.svg"}},{"title":"Now Start your journey","description":"Get your blood tests delivered at home collect a sample from the news Get your blood tests delivered with terms.","image":{"publicURL":"/static/91f277e813ef37b716f1109a392db440/process-3.svg"}}]}}}