{"data":{"charityJson":{"featureData":{"title":"They Care, Do You?","slogan":"Here is how you can get involved and make a change.","features":[{"id":1,"title":"Sponsor A Water","description":"If you want to change the world, one wish at a time, help kids","icon":{"publicURL":"/static/ccd2b20bbb45119ac3171e37b33fc65e/1.svg"}},{"id":2,"title":"Pledge For A Cause","description":"If you want to change the world, one wish at a time.","icon":{"publicURL":"/static/88485fff0996bd803946161065528a00/2.svg"}},{"id":3,"title":"Buy a Coffee","description":"If you want to change the world, one wish at a time.","icon":{"publicURL":"/static/642f7a3637a2eb49b676c239ea97970e/3.svg"}},{"id":4,"title":"Volunteer With Us","description":"If you want to change the world, one wish at a time, help kids","icon":{"publicURL":"/static/30016c454fd0ee7dc2e55ae42ee5c6a0/4.svg"}},{"id":5,"title":"Partner With Us","description":"If you want to change the world, one wish at.","icon":{"publicURL":"/static/832d2f6189ce3453fb42de4bf22d6e04/5.svg"}},{"id":6,"title":"Help us for Educational ","description":"If you want to change the world, one wish at a time.","icon":{"publicURL":"/static/3e3ea879e692bee9798ef4d506514224/6.svg"}}]}}}}