{"data":{"maalemJson":{"appSlider":{"title":"All About Financial Need","description":"The rise of mobile devices transforms the way we consume information entirely and the world's most elevant channels such as Facebook.","features":[{"id":1,"icon":{"publicURL":"/static/fc64827216c665adeac411ad2264b26e/icon1.svg"},"title":"Feature & Offer - 1","description":"Surprice your clients with professional looking invoices."},{"id":2,"icon":{"publicURL":"/static/fc64827216c665adeac411ad2264b26e/icon1.svg"},"title":"Feature & Offer - 2","description":"UI/UX Design by following and maintaining the latest trends ."},{"id":3,"icon":{"publicURL":"/static/fc64827216c665adeac411ad2264b26e/icon1.svg"},"title":"Feature & Offer - 3","description":"A Dedicated support team will be always ready for you."}],"carousel":[{"id":1,"title":"App Slide 1"},{"id":2,"title":"App Slide 1"},{"id":3,"title":"App Slide 1"}]}}}}