{"data":{"maalemJson":{"productData":{"slogan":"PRODUCT SHOWCASE","title":"Meet Client Satisfaction by using our product","slider":[{"id":1,"thumb_url":{"publicURL":"/static/dc006bcc7fcc6d0ea673b01b6da0214a/page1.png"},"link":"#1","title":"slide 1"},{"id":2,"thumb_url":{"publicURL":"/static/f797fadac0ab6957c603f4b2a23b2a4c/page2.png"},"link":"#1","title":"slide 2"},{"id":3,"thumb_url":{"publicURL":"/static/f797fadac0ab6957c603f4b2a23b2a4c/page3.png"},"link":"#1","title":"slide 3"},{"id":4,"thumb_url":{"publicURL":"/static/dc006bcc7fcc6d0ea673b01b6da0214a/page1.png"},"link":"#1","title":"slide 4"},{"id":5,"thumb_url":{"publicURL":"/static/f797fadac0ab6957c603f4b2a23b2a4c/page3.png"},"link":"#1","title":"slide 5"},{"id":6,"thumb_url":{"publicURL":"/static/f797fadac0ab6957c603f4b2a23b2a4c/page2.png"},"link":"#1","title":"slide 6"}]}}}}