{"data":{"maalemJson":{"pricing":{"slogan":"PRICING PLAN","title":"Choose your Prduct","monthly":[{"id":1,"title":"Consumer Loan1","suggested":false,"description":"For Small teams or office","features":[{"id":1,"text":"Drag & Drop Builder"},{"id":2,"text":"1,000's of Templates"},{"id":3,"text":"Blog Support Tools"},{"id":4,"text":"eCommerce Store "}],"price":0,"trail":null,"trailLink":null},{"id":2,"title":"Consumer Loan2","suggested":true,"description":"For Best opportunities","features":[{"id":1,"text":"Drag & Drop Builder"},{"id":2,"text":"1,000's of Templates"},{"id":3,"text":"Blog Support Tools"},{"id":4,"text":"eCommerce Store "}],"price":99,"trail":14,"trailLink":"#"}],"annualy":[{"id":1,"title":"Consumer Loan2","suggested":true,"description":"For Small teams or office","features":[{"id":1,"text":"Drag & Drop Builder"},{"id":2,"text":"1,000's of Templates"},{"id":3,"text":"Blog Support Tools"},{"id":4,"text":"eCommerce Store "}],"price":999,"trail":14,"trailLink":"#"},{"id":2,"title":"Enterprise","suggested":false,"description":"For Best opportunities","features":[{"id":1,"text":"Drag & Drop Builder"},{"id":2,"text":"1,000's of Templates"},{"id":3,"text":"Blog Support Tools"},{"id":4,"text":"eCommerce Store "}],"price":1299,"trail":30,"trailLink":"#"}]}}}}