{"data":{"maalemJson":{"testimonial":{"slogan":"TESTIMONIAL","title":"More About Our Products, Tips, Plan, Offer and more...","reviews":[{"id":1,"title":"Modern look & trending design","description":"Get working experience to work with this amazing team & in future want to work together for bright future projects and also make deposit to freelancer.","avatar":"https://pbs.twimg.com/profile_images/974736784906248192/gPZwCbdS.jpg","name":"Jon Doe","designation":"CEO of intelora.co.in.","review":4},{"id":2,"title":"User friendly & Customizable","description":"Lorem ipsum dolor sit amet consectetur adipisicing elit sed eiusmod tempor incididunt labore dolore features Lorem ipsum dolor sit amet consectetur adipisicing.","avatar":"https://randomuser.me/api/portraits/women/44.jpg","name":"Jeny Doe","designation":"Co Founder of intelora.co.in.","review":5},{"id":3,"title":"User friendly & Customizable","description":"Lorem ipsum dolor sit amet consectetur adipisicing elit sed eiusmod tempor incididunt labore dolore features Lorem ipsum dolor sit amet consectetur adipisicing.","avatar":"https://tinyfac.es/data/avatars/475605E3-69C5-4D2B-8727-61B7BB8C4699-500w.jpeg","name":"Jon Doe","designation":"Co Founder of intelora.co.in.","review":5}]}}}}