{"data":{"portfolioJson":{"PROCESS_STEPS":[{"title":"1. Research","description":"We work with you to understand user’s stories and validate your idea with real users using lean design sprints.","image":{"publicURL":"/static/a990b93dcfd0b517918e4004c1dd95d8/step-1.png"}},{"title":"2. Design","description":"Expanding on the insights gained, you’ll work closely with our design team to create an elegant design","image":{"publicURL":"/static/0204b77df2c71288c9f44a8d6e54e92e/step-2.png"}},{"title":"3. Build","description":"With our scrum-based agile methodology, you’ll receive iterative builds every two weeks, which gives you ","image":{"publicURL":"/static/fe0b605330a667e1fdaae1a56fe9775d/step-3.png"}}],"SERVICE_LIST":[{"title":"UI/UX Design","listItems":[{"content":"Design Sprints"},{"content":"User Research"},{"content":"Visual Design"},{"content":"Mobile App Design"},{"content":"Tracking & Learning"},{"content":"Building Traction"}]},{"title":"Web Development","listItems":[{"content":"ReactJS"},{"content":"AngularJS"},{"content":"ASP.NET MVC"},{"content":"WordPress"},{"content":"NodeJS"},{"content":"GO"}]},{"title":"Mobile Easy Onboarding","listItems":[{"content":"iOS"},{"content":"Android"},{"content":"React Native"},{"content":"Ionic & Apache Cordova"},{"content":"NodeJS"},{"content":"3D & VR"}]}]}}}