{"data":{"cryptoJson":{"menuWidget":[{"id":1,"title":"About Us","menuItems":[{"id":1,"text":"Support Center","url":"#"},{"id":2,"text":"Customer Support","url":"#"},{"id":3,"text":"About Us","url":"#"},{"id":4,"text":"Copyright","url":"#"},{"id":5,"text":"Popular Campaign","url":"#"}]},{"id":2,"title":"Our Information","menuItems":[{"id":1,"text":"Return Policy","url":"#"},{"id":2,"text":"Privacy Policy","url":"#"},{"id":3,"text":"Terms & Conditions","url":"#"},{"id":4,"text":"Site Map","url":"#"},{"id":5,"text":"Store Hours","url":"#"}]},{"id":3,"title":"My Account","menuItems":[{"id":1,"text":"Press inquiries","url":"#"},{"id":2,"text":"Social media directories","url":"#"},{"id":3,"text":"Images & B-roll","url":"#"},{"id":4,"text":"Permissions","url":"#"},{"id":5,"text":"Speaker requests","url":"#"}]}],"Language_NAMES":[{"label":"English","value":"eng"},{"label":"Chinese","value":"chinese"},{"label":"Indian","value":"indian"}]}}}