{"data":{"maalemJson":{"productData":{"slogan":"PRODUCT SHOWCASE","title":"Meet Client Satisfaction by using our product","slider":[{"id":1,"thumb_url":{"publicURL":"/static/a19068d11c50ea3b36319560bf11ab1b/page1.png"},"link":"#1","title":"slide 1"},{"id":2,"thumb_url":{"publicURL":"/static/659b0a105df84fcf3a315b28feb3815c/page2.png"},"link":"#1","title":"slide 2"},{"id":3,"thumb_url":{"publicURL":"/static/137475e5c5aa62e31cb41ce84aff1844/page3.png"},"link":"#1","title":"slide 3"},{"id":4,"thumb_url":{"publicURL":"/static/bc710868a01c87a594b62a8a56bbcdca/page4.png"},"link":"#1","title":"slide 4"},{"id":5,"thumb_url":{"publicURL":"/static/26dbf433eacaf83f6adf202f1cacba90/page5.png"},"link":"#1","title":"slide 5"},{"id":6,"thumb_url":{"publicURL":"/static/dc42d1009c955c0f803079e32229e0e8/page6.png"},"link":"#1","title":"slide 6"}]}}}}