{"data":{"cryptoModernJson":{"Faq":[{"id":1,"description":"Our Customer Experience Team is available 7 days a week and we offer 2 ways to get in contact.Email and Chat . We try to reply quickly, so you need not to wait too long for a response!. ","expend":true,"title":"How to contact with Customer Service?"},{"id":2,"description":"Please read the documentation carefully . We also have some online  video tutorials regarding this issue . If the problem remains, Please Open a ticket in the support forum . ","expend":null,"title":"App installation failed, how to update system information?"},{"id":3,"description":"At first, Please check your internet connection . We also have some online  video tutorials regarding this issue . If the problem remains, Please Open a ticket in the support forum .","expend":null,"title":"Website reponse taking time, how to improve?"},{"id":4,"description":"We are giving the update of this theme continuously . You will receive an email Notification when we push an update. Always try to be updated with us .","expend":null,"title":"New update fixed all bug and issues?"}]}}}