{"data":{"hostingJson":{"SERVICES_DATA":[{"title":"Development Server ","description":"Get Lightspeed Development Server for your website and fly in the web","icon":{"publicURL":"/static/3514e790b8a03c39ad656fa5ff7a1a10/icon1.svg"}},{"title":"Web Protection","description":"Best Protection and some tools are provided with our Web servers .","icon":{"publicURL":"/static/c3c53d3814f3bcb4e189efa4439fc1c5/icon2.svg"}},{"title":"E-commerce Shop","description":"You can build any kind of E-commerce Shop with payment security tools","icon":{"publicURL":"/static/dabd92f823ee26b634de5158a84e1a27/icon3.svg"}},{"title":"Money Back Guarantee","description":"We have provided 30 days money back guarantee for our customer","icon":{"publicURL":"/static/8575155f7266f3f456e8fed82d526325/icon4.svg"}},{"title":"Client Satisfaction","description":"Client Satisfaction is our first priority and We are best at it","icon":{"publicURL":"/static/e4c71731e1a1f5a4b5c906b4dbe1fa88/icon5.svg"}},{"title":"24/7 Online Support","description":"A Dedicated support team is always ready to provide best support ","icon":{"publicURL":"/static/7882ca3c1fd3f35c6d3c0513eebd03e3/icon6.svg"}}]}}}