{"data":{"agencyDigitalJson":{"pricing":[{"id":1,"package_name":"Starter Pack","price":"18.99","trial_day":15,"isRecommended":false,"features":[{"id":1,"name":"Full Access Library","isAvailable":true},{"id":2,"name":"Multiple user","isAvailable":true},{"id":3,"name":"Refund Policy","isAvailable":false},{"id":4,"name":"Google Analytics","isAvailable":false},{"id":5,"name":"24/7 support","isAvailable":false}]},{"id":2,"package_name":"Premium Pack","price":"29.99","trial_day":30,"isRecommended":true,"features":[{"id":1,"name":"Full Access Library","isAvailable":true},{"id":2,"name":"Multiple user","isAvailable":true},{"id":3,"name":"Refund Policy","isAvailable":true},{"id":4,"name":"Google Analytics","isAvailable":false},{"id":5,"name":"24/7 support","isAvailable":false}]},{"id":3,"package_name":"Custom Pack","price":"23.99","trial_day":30,"isRecommended":false,"features":[{"id":1,"name":"Full Access Library","isAvailable":true},{"id":2,"name":"Multiple user","isAvailable":true},{"id":3,"name":"Refund Policy","isAvailable":true},{"id":4,"name":"Google Analytics","isAvailable":true},{"id":5,"name":"24/7 support","isAvailable":false}]},{"id":4,"package_name":"Ultimate Pack","price":"35.99","trial_day":45,"isRecommended":false,"features":[{"id":1,"name":"Full Access Library","isAvailable":true},{"id":2,"name":"Multiple user","isAvailable":true},{"id":3,"name":"Refund Policy","isAvailable":true},{"id":4,"name":"Google Analytics","isAvailable":true},{"id":5,"name":"24/7 support","isAvailable":true}]}]}}}