{"data":{"charityJson":{"clients":[{"id":1,"link":"#1","logo":{"publicURL":"/static/04688fd506fc4814ae86fb603188b401/1.png"},"name":"windows"},{"id":2,"link":"#2","logo":{"publicURL":"/static/e86b1448ce5e7ac3f757102e6a4d2755/2.png"},"name":"airbnb"},{"id":3,"link":"#3","logo":{"publicURL":"/static/9f84eeca704668e2773df166cd5c47e2/3.png"},"name":"adidas"},{"id":4,"link":"#4","logo":{"publicURL":"/static/81de7b92a1bb59733c2e7a6929380268/4.png"},"name":"ibm"},{"id":5,"link":"#5","logo":{"publicURL":"/static/40711a7527ba084900e1e82595c46d20/5.png"},"name":"amazon"},{"id":6,"link":"#6","logo":{"publicURL":"/static/5ee326defdd02daf2d5d0fab3ee032b4/6.png"},"name":"google"}]}}}