{"data":{"saasJson":{"Service":[{"id":1,"title":"Easy Onboarding","description":"We are specialized at custom Saas Application Development and special features .","icon":"flaticon-briefing"},{"id":2,"title":"Instant Approval","description":"Lorem ipsum dolor sit amet, consect adipiscing elit1 sollicitudin erat non purus ultrices ultrices vulputate.","icon":"flaticon-trophy"},{"id":3,"title":"Cloud Stroage","description":"Lorem ipsum dolor sit amet, consect adipiscing elit2 sollicitudin erat non purus ultrices ultrices vulputate.","icon":"flaticon-atom"},{"id":4,"title":"Client Satisfaction","description":"Client Satisfaction is our first priority and We are best at it .Keep In Touch.","icon":"flaticon-ruler"},{"id":5,"title":"Feature & Offer - 2","description":"We provide the best UI/UX Design by following the latest trends of the market  .","icon":"flaticon-creative"},{"id":6,"title":"Customer Support","description":"A Dedicated support team is always ready to provide best support to our customers.","icon":"flaticon-conversation"}]}}}