{"data":{"charityJson":{"workData":{"title":"How We Works","slogan":"Water is a non-profit organization bringing clean and safe drinking water to people in developing countries","features":[{"id":1,"icon":{"publicURL":"/static/08fb1c604174d7d32a6dc9db1cec5b5e/map-pin.svg"},"title":"We prove every project","description":"We track every dollar you raise, and show the projects you helped fund with photos."},{"id":2,"icon":{"publicURL":"/static/c324ccc3dfa2556f204b0d2cf2282160/search-icon.svg"},"title":"We’re an open book","description":"We’ve consistently received the highest grades available for accountability."},{"id":3,"icon":{"publicURL":"/static/4643244ad356f701784945a95872da3d/icon-100p.svg"},"title":"100% goes to the field","description":"Private donors cover our operating costs so 100% of your money can fund water projects."}]}}}}