{"data":{"rideJson":{"Features":[{"id":1,"title":"Delivery","description":"Documents, accessories, packages and even gifts! Deliver them all within your city, in a jiffy!","img":{"publicURL":"/static/0714aa1a64560b47742d65815844b7b9/feature-2.svg"}},{"id":2,"title":"Bike Share","description":"All the Riders have been verified by us. Not random people with bikes that we don’t know.","img":{"publicURL":"/static/3a645460b1840332038fb5345d0d4b1a/feature-1.svg"}},{"id":3,"title":"Food","description":"Order food from your favorite Place near you with the convenience of Godrive.","img":{"publicURL":"/static/3a645460b1840332038fb5345d0d4b1a/feature-1.svg"}}]}}}