{"data":{"appJson":{"testimonials":[{"id":1,"name":"Jon Doe","designation":"Founder of Dumpy","description":"Best working experience  with this amazing team & in future, we want to work together"},{"id":2,"name":"Roman Ul Oman","designation":"Co-founder of QatarDiaries","description":"Impressed with master class support of the team and really look forward for the future."},{"id":3,"name":"Jeny Doe","designation":"Director of Beauty-queen","description":"I have bought more than 10 themes on ThemeForest, and this is the first one I review. Wow! Amazing React Theme"},{"id":4,"name":"Jeny Doe","designation":"Co-founder of Softo","description":"Really, really well made! Love that each component is handmade and customised. Great Work"},{"id":5,"name":"Jon Doe","designation":"Co-founder of Antinio","description":"It written well. The author has a firm understanding of React and other technologies. It been consistently updated. Great product. Thank you."}]}}}