{"data":{"maalemJson":{"teamportfolio":{"title":"Meet our awesome team members, work behind the sense","description":"Lorem ipsum dolor sit amet consectetur adipisicing elit sed eiusmod tempor incididunt labore dolore features that Lorem ipsum dolor sit amet consectetur.","teammember":[{"id":1,"img":{"publicURL":"/static/315e9ffc0b3e6ae540f6b19300be3e7b/1.png"},"text":"Berlin Corleone, CEO"},{"id":2,"img":{"publicURL":"/static/4bf63ebf3b61c67f81b685b1d8d3f055/2.png"},"text":"Jona White, CFO"},{"id":3,"img":{"publicURL":"/static/3e003e161871faa98de17c6cc9e6d29b/3.png"},"text":"Michael Price, CIO"},{"id":4,"img":{"publicURL":"/static/a9d7993d482eae6e69373281b4092379/4.png"},"text":"Vito Jackson, CTO"},{"id":5,"img":{"publicURL":"/static/388e8f1c28b2aee5d280feb41aaab301/5.png"},"text":"Miss Clair, COO"},{"id":6,"img":{"publicURL":"/static/062553a3d80a77e093420d11d068b422/6.png"},"text":"Kabir Ali, Head"},{"id":7,"img":{"publicURL":"/static/b28e102809c448ccf81815eb101fffb1/7.png"},"text":"Arthus Doe"}]}}}}