{"data":{"maalemJson":{"pricing":{"slogan":"Loan Products","title":"Choose your Prduct","monthly":[{"id":1,"title":"Consumer Loan1","suggested":false,"description":"For Small Need","features":[{"id":1,"text":"Loan Benefit-001"},{"id":2,"text":"Loan Benefit-002"},{"id":3,"text":"Loan Benefit-003"},{"id":4,"text":"Loan Benefit-004"}],"price":0,"trail":null,"trailLink":null},{"id":2,"title":"Consumer Loan2","suggested":true,"description":"For Best opportunities","features":[{"id":1,"text":"Loan Benefit-005"},{"id":2,"text":"Loan Benefit-006"},{"id":3,"text":"Loan Benefit-007"},{"id":4,"text":"Loan Benefit-008"}],"price":99,"trail":14,"trailLink":"#"}],"annualy":[{"id":1,"title":"Business Loan1","suggested":true,"description":"For Small teams or office","features":[{"id":1,"text":"Loan Benefit-009"},{"id":2,"text":"Loan Benefit-010"},{"id":3,"text":"Loan Benefit-011"},{"id":4,"text":"Loan Benefit-012"}],"price":999,"trail":14,"trailLink":"#"},{"id":2,"title":"Business Loan2","suggested":false,"description":"For Best opportunities","features":[{"id":1,"text":"Loan Benefit-013"},{"id":2,"text":"Loan Benefit-014"},{"id":3,"text":"Loan Benefit-015"},{"id":4,"text":"Loan Benefit-016"}],"price":1299,"trail":30,"trailLink":"#"}]}}}}