{"data":{"interiorJson":{"newsData":[{"id":1,"title":"Corporate design is a crucial part of your brand.","excerpt":"Corporate design is a crucial part of your brand. Our approach corporate design is extraordinary. Please come and visit us","link_url":"#","link_text":"Read"},{"id":2,"title":"Learn more about landscape plans, how to design them","excerpt":"Learn more about landscape plans, how to design them, what to watch out for in your layout. We deign the appropriate layout for our clients to deliver best","link_url":"#","link_text":"Read"},{"id":3,"title":"Discover our design ideas, beautiful photos for interior design","excerpt":"Discover our design ideas, beautiful photos and how-to projects to create Interior Design. We try to reflect your personality on our design","link_url":"#","link_text":"Read"},{"id":4,"title":"Interior design is an art and we are trying to paint monalisa","excerpt":"With the best players in the designing sector, we explore a whole new world of interior design.Our approach corporate design is extraordinary","link_url":"#","link_text":"Read"}]}}}