{"data":{"saasClassicJson":{"MONTHLY_PRICING_TABLE":[{"name":"Basic Account","description":"For Small teams or group who need to build website ","price":"SAR  10","priceLabel":"Only for first month","trialURL":null,"trialButtonLabel":null,"buttonLabel":"Start for free","url":"#","listItems":[{"content":"Drag & Drop Builder"},{"content":"1,000s of Templates Ready"},{"content":"Blog Tools"},{"content":"eCommerce Store "},{"content":"30+ Webmaster Tools"}]},{"name":"Business Account","description":"For Mediums teams or group who need to build website ","price":"$9.87","priceLabel":"Per month & subscription yearly","trialURL":"#","trialButtonLabel":"Reffer Now","buttonLabel":"Register Now","url":"#","listItems":[{"content":"Drag & Drop Builder"},{"content":"1,000s of Templates Ready"},{"content":"Blog Tools"},{"content":"eCommerce Store "},{"content":"30+ Webmaster Tools"}]},{"name":"Premium Account","description":"For Large teams or group who need to build website ","price":"$12.98","priceLabel":"Per month & subscription yearly","trialURL":"#","trialButtonLabel":"Reffer Now","buttonLabel":"Register Now","url":"#","listItems":[{"content":"Drag & Drop Builder"},{"content":"1,000s of Templates Ready"},{"content":"Blog Tools"},{"content":"eCommerce Store "},{"content":"30+ Webmaster Tools"}]}],"YEARLY_PRICING_TABLE":[{"name":"Basic Account","description":"For a single client or team who need to build website ","price":"SAR  10","priceLabel":"Only for first month","trialURL":null,"trialButtonLabel":null,"buttonLabel":"Start for free","url":"#","listItems":[{"content":"Drag & Drop Builder"},{"content":"1,000s of Templates Ready"},{"content":"Blog Tools"},{"content":"eCommerce Store "},{"content":"30+ Webmaster Tools"}]},{"name":"Business Account","description":"For Small teams or group who need to build website ","price":"$6.00","priceLabel":"Per month & subscription yearly","trialURL":"#","trialButtonLabel":"Reffer Now","buttonLabel":"Register Now","url":"#","listItems":[{"content":"Unlimited secure storage"},{"content":"2,000s of Templates Ready"},{"content":"Blog Tools"},{"content":"24/7 phone support"},{"content":"50+ Webmaster Tools"}]},{"name":"Premium Account","description":"For Large teams or group who need to build website ","price":"$9.99","priceLabel":"Per month & subscription yearly","trialURL":"#","trialButtonLabel":"Reffer Now","buttonLabel":"Register Now","url":"#","listItems":[{"content":"Drag & Drop Builder"},{"content":"3,000s of Templates Ready"},{"content":"Advanced branding"},{"content":"Knowledge base support"},{"content":"80+ Webmaster Tools"}]}]}}}