{"data":{"appClassicJson":{"features":{"slogan":"PRODUCT COMPARISON","title":"Why You Choose Our Loan","items":[{"id":1,"color":"#F55767","icon":{"publicURL":"/static/5dbdbdf368deebcc87bfeb4135d4679c/featureIcon-1.svg"},"title":"Easy Onboarding","description":"Get your proof tests delivered home collect a sample from the news get design."},{"id":2,"color":"#3DABDD","icon":{"publicURL":"/static/c30cd74ce3a0425a133971e4b083a5c1/featureIcon-2.svg"},"title":"Instant Approval","description":"Get your proof tests delivered home collect a sample from the news get design."},{"id":3,"color":"#D6AB00","icon":{"publicURL":"/static/fa709cbcb3d3aa748cfd3eb0265d4bff/featureIcon-3.svg"},"title":"Affordable Loan","description":"Get your proof tests delivered home collect a sample from the news get design."},{"id":4,"color":"#40975F","icon":{"publicURL":"/static/1703d96dbe5302017a79bd98e9fadc1e/featureIcon-4.svg"},"title":"Customize Loan","description":"Get your proof tests delivered home collect a sample from the news get design."},{"id":5,"color":"#5856D6","icon":{"publicURL":"/static/1f29dd42c6f7095eea39d1ceba322c27/featureIcon-5.svg"},"title":"Feature & Offer - 2","description":"Get your proof tests delivered home collect a sample from the news get design."},{"id":6,"color":"#E97325","icon":{"publicURL":"/static/7f3ecc1a97c481808b5458c06e15992b/featureIcon-6.svg"},"title":"Customer Support","description":"Get your proof tests delivered home collect a sample from the news get design."}]}}}}