{"data":{"cryptoJson":{"SCALABLE_FEATURE":[{"title":"Daily Jackpot","des":"35000 CLV","image":{"publicURL":"/static/c552de8a2c2468c4c8b5a3e04a9a6126/jackpot.svg"}},{"title":"Weekly Jackpot","des":"250000 CLV","image":{"publicURL":"/static/c552de8a2c2468c4c8b5a3e04a9a6126/jackpot.svg"}},{"title":"Monthly Jackpot","des":"4999697 CLV","image":{"publicURL":"/static/c552de8a2c2468c4c8b5a3e04a9a6126/jackpot.svg"}},{"title":"Yearly Jackpot","des":"300245785000 CLV","image":{"publicURL":"/static/c552de8a2c2468c4c8b5a3e04a9a6126/jackpot.svg"}}]}}}