{"data":{"interiorJson":{"footerData":{"logo":{"publicURL":"/static/ea2694c608f684e3907b106987fd260d/logo.svg"},"mail":"hello@redq.io","phone":"585-396-6302","menuWidgets":[{"id":1,"title":"ABOUT US","menu":[{"id":1,"text":"Support Center","link":"#"},{"id":2,"text":"Customer Support","link":"#"},{"id":3,"text":"About Us","link":"#"},{"id":4,"text":"Copyright","link":"#"},{"id":5,"text":"Popular Campaign","link":"#"}]},{"id":2,"title":"OUR INFORMATION","menu":[{"id":1,"text":"Return Policy","link":"#"},{"id":2,"text":"Privacy Policy","link":"#"},{"id":3,"text":"Terms & Conditions","link":"#"},{"id":4,"text":"Site Map","link":"#"},{"id":5,"text":"Store Hours","link":"#"}]},{"id":3,"title":"MY ACCOUNT","menu":[{"id":1,"text":"Press inquiries","link":"#"},{"id":2,"text":"Social media directories","link":"#"},{"id":3,"text":"Images & B-roll","link":"#"},{"id":4,"text":"Permissions","link":"#"},{"id":5,"text":"Speaker requests","link":"#"}]},{"id":4,"title":"POLICY","menu":[{"id":1,"text":"Application security","link":"#"},{"id":2,"text":"Software principles","link":"#"},{"id":3,"text":"Unwanted software policy","link":"#"},{"id":4,"text":"Responsible supply chain","link":"#"}]}]}}}}