{"data":{"maalemJson":{"navbar":{"logo":{"publicURL":"/static/df99d9547c727c5b0f7d151e9cb5d82f/logo.png"},"navMenu":[{"id":1,"label":"Home","path":"#home","offset":"84"},{"id":2,"label":"About Us","path":"#team","offset":"81"},{"id":3,"label":"Products","path":"#pricing","offset":"81"},{"id":4,"label":"Use Case","path":"#features","offset":"81"},{"id":5,"label":"Blogs/FAQ","path":"#testimonial","offset":"81"},{"id":6,"label":"Contact Us","path":"#contactus","offset":"81"},{"id":7,"label":"Login","path":"#login","offset":"81"}]}}}}