{"data":{"interiorJson":{"featureData":{"title":"OUR SERVICES","slogan":"Featured Service that We Provide","features":[{"id":1,"icon":{"publicURL":"/static/b7d885c0434b652da9268a83dd8c53e9/1.svg"},"title":"Corporate Design","description":"Corporate design is a crucial part of your brand. Our approach corporate design is extraordinary."},{"id":2,"icon":{"publicURL":"/static/0547419664922fb2c430c6e83f4dc6c3/2.svg"},"title":"Landscape Design","description":"Learn more about landscape plans, how to design them, what to watch out for in your layout."},{"id":3,"icon":{"publicURL":"/static/7de3dd1f5bee645c03756b0cfc57fe78/3.svg"},"title":"Interior Design","description":"Discover our design ideas, beautiful photos and how-to projects to create Interior Design."}]}}}}