{"data":{"interiorJson":{"bannerData":{"discount":"25%","discountLabel":"DISCOUNT ON YOUR FIRST PROJECT","title":"We craft affordable design","text":"Nemo enim ipsam voluptatem quia voluptas sit aspernatur aut odit aut fugit, sed quia consequuntur magni dolores eos qui ratione voluptatem sequi nesciunt.","carousel":[{"id":1,"title":"Restroom","thumb_url":{"publicURL":"/static/c0f370865706184c8eae809367adffaa/slide-1.png"},"link":"#"},{"id":2,"title":"Livingroom","thumb_url":{"publicURL":"/static/d46ec48188a8a408bed6540bb4de1569/slide-2.png"},"link":"#"},{"id":3,"title":"Corner","thumb_url":{"publicURL":"/static/d46ec48188a8a408bed6540bb4de1569/slide-3.png"},"link":"#"}]}}}}