{"data":{"appClassicJson":{"featuresTab":{"slogan":"DIFFERENTIATION","title":"Ultimate features that we built","tab":[{"id":1,"color":"#F55767","icon":{"publicURL":"/static/dfede45409b8ce9eecf1e82522d807d7/appTabIcon1.svg"},"title":"Easy Onboarding","description":"Get your proof tests delivered home collect a sample.","image":{"publicURL":"/static/7fc2daa378e5fdc4230a58898edbf471/appTabImg1.png"}},{"id":2,"color":"#40975F","icon":{"publicURL":"/static/24ba1d85070a34525d55285582af37df/appTabIcon2.svg"},"title":"Customize Loan","description":"Get your proof tests delivered home collect a sample.","image":{"publicURL":"/static/235746fb1b29ec41ef75ecf203ece5b2/appTabImg2.png"}},{"id":3,"color":"#5856D6","icon":{"publicURL":"/static/74402073119a87c6ac5af8f8aa95bad6/appTabIcon3.svg"},"title":"Feature & Offer - 2","description":"Get your proof tests delivered home collect a sample.","image":{"publicURL":"/static/235746fb1b29ec41ef75ecf203ece5b2/appTabImg3.png"}},{"id":4,"color":"#D6AB00","icon":{"publicURL":"/static/b0971f60fb40c6182f1d707016155685/appTabIcon4.svg"},"title":"Affordable Loan","description":"Get your proof tests delivered home collect a sample.","image":{"publicURL":"/static/235746fb1b29ec41ef75ecf203ece5b2/appTabImg4.png"}},{"id":5,"color":"#E97325","icon":{"publicURL":"/static/eb5f310097791beb2d75a5623e818d24/appTabIcon5.svg"},"title":"Customer Support","description":"Get your proof tests delivered home collect a sample.","image":{"publicURL":"/static/235746fb1b29ec41ef75ecf203ece5b2/appTabImg5.png"}},{"id":6,"color":"#3DABDD","icon":{"publicURL":"/static/0b879ef6e880dff7281d795ebb51d8ed/appTabIcon6.svg"},"title":"Instant Approval","description":"Get your proof tests delivered home collect a sample.","image":{"publicURL":"/static/235746fb1b29ec41ef75ecf203ece5b2/appTabImg6.png"}}]}}}}