{"data":{"interiorJson":{"testimonialData":{"title":"TESTIMONIAL","slogan":"What Our Clients Say","reviews":[{"id":0,"name":"Jessica Parker","designation":"Co-Founder & CEO","username":"@Moon’s craft","account_url":"#","comment":"Get working experience to work with this amazing team & in future want to work together for bright future projects and also make deposit to freelancer.","avatar":"https://tinyfac.es/data/avatars/7D3FA6C0-83C8-4834-B432-6C65ED4FD4C3-500w.jpeg"},{"id":1,"name":"Britney Cooper","designation":"Co-Founder & CEO","username":"@Moon’s craft","account_url":"#","comment":"Impressed with master class support of the team and really look forward for the future.Really, really well made! Love that each component is handmade and customised. Great Work :)","avatar":"https://randomuser.me/api/portraits/women/63.jpg"},{"id":2,"name":"June Cha","designation":"Co-Founder & CEO","username":"@Moon’s craft","account_url":"#","comment":"Get working experience to work with this amazing team & in future want to work together for bright future projects and also make deposit to freelancer.","avatar":"https://randomuser.me/api/portraits/women/44.jpg"},{"id":3,"name":"Jessica Parker","designation":"Co-Founder & CEO","username":"@Moon’s craft","account_url":"#","comment":"Impressed with master class support of the team and really look forward for the future.Really, really well made! Love that each component is handmade and customised. Great Work!","avatar":"https://pbs.twimg.com/profile_images/1049383024306081792/cQkGbpRO.jpg"},{"id":4,"name":"Jessica Parker","designation":"Co-Founder & CEO","username":"@Moon’s craft","account_url":"#","comment":"Impressed with master class support of the team and really look forward for the future.Really, really well made! Love that each component is handmade and customised. Great Work :)","avatar":"https://pbs.twimg.com/profile_images/974736784906248192/gPZwCbdS.jpg"}]}}}}