{"data":{"cryptoJson":{"TRANSACTIONS_FEATURE":[{"title":"Create Payment Address","des":"Provide your payout wallet address and callback URL to PayBear API.","image":{"publicURL":"/static/500d57c0947b8af17663f62ab894daa2/tf1.svg"}},{"title":"Ask for Payment","des":"Show your customer the wallet address as well as the payment amount.","image":{"publicURL":"/static/f5b25717a0d4084627d60aec52b82fbe/tf2.svg"}},{"title":"Get Paid","des":"Payment is sent to the payout wallet immediately.","image":{"publicURL":"/static/55b6aa7bddaaa9f91ff97c589781963a/tf3.svg"}},{"title":"Get Payment Notification.","des":"Callbacks are sent to the URL you specified. You can process customer order","image":{"publicURL":"/static/181618dfd61448da20ae6aa301f7944a/tf4.svg"}}]}}}