{"data":{"appClassicJson":{"faq":{"slogan":"FREQUENT QUESTION","title":"Do you have any question","faqs":[{"id":1,"question":"How to contact with riders emergency?","answer":"Get your blood tests delivered at the home collect a sample from management news. Get your blood tests delivered at the home collect a sample from management news. Get your blood tests delivered at the home collect a sample from management news. Get your blood tests delivered at the home. Your blood tests delivered at the home collect a sample from management news. Get your blood tests delivered at the home collect a sample from management news."},{"id":2,"question":"App installation failed, how to update system information?","answer":"Get your blood tests delivered at the home collect a sample from management news. Get your blood tests delivered at the home collect a sample from management news. Get your blood tests delivered at the home collect a sample from management news. Get your blood tests delivered at the home. Your blood tests delivered at the home collect a sample from management news. Get your blood tests delivered at the home collect a sample from management news."},{"id":3,"question":"Website reponse taking time, how to improve?","answer":"Get your blood tests delivered at the home collect a sample from management news. Get your blood tests delivered at the home collect a sample from management news. Get your blood tests delivered at the home collect a sample from management news. Get your blood tests delivered at the home. Your blood tests delivered at the home collect a sample from management news. Get your blood tests delivered at the home collect a sample from management news."},{"id":4,"question":"New update fixed all bug and issues","answer":"Get your blood tests delivered at the home collect a sample from management news. Get your blood tests delivered at the home collect a sample from management news. Get your blood tests delivered at the home collect a sample from management news. Get your blood tests delivered at the home. Your blood tests delivered at the home collect a sample from management news. Get your blood tests delivered at the home collect a sample from management news."}]}}}}