{"data":{"maalemJson":{"footer":{"logo":{"publicURL":"/static/876c9a8284bfdf03fa414489643b9a2c/logoWhite.png"},"menu":[{"id":1,"link":"#","text":"Home"},{"id":2,"link":"#","text":"Adversite"},{"id":3,"link":"#","text":"Supports"},{"id":4,"link":"#","text":"Marketing"},{"id":5,"link":"#","text":"Contact"}],"widgets":[{"id":1,"icon":{"publicURL":"/static/6310fa3033eeb76794c012320e0924b4/chat.svg"},"title":"Facebok","description":"Lorem ipsum dolor sit amet consectetur adipisicing elit ."},{"id":2,"icon":{"publicURL":"/static/f638fd95ece3302e6027f117715f5d18/twitter.svg"},"title":"Twitter","description":"Partners can Click here to login and see Sales Dashboard."},{"id":3,"icon":{"publicURL":"/static/cea8104142a7111d66103e467ea0f9e8/group.svg"},"title":"Customer Support","description":"Lorem ipsum dolor sit amet consectetur adipisicing elit ."}]}}}}