{"data":{"saasClassicJson":{"FEATURES":[{"title":"Easy Onboarding","description":"Get your proof tests delivered home collect a sample from the news get design.","icon":"flaticon-hourglass"},{"title":"Instant Approval","description":"Get your proof tests delivered home collect a sample from the news get design.","icon":"flaticon-trophy-1"},{"title":"Affordable Loan","description":"Get your proof tests delivered home collect a sample from the news get design.","icon":"flaticon-upload"},{"title":"Customize Loan","description":"Get your proof tests delivered home collect a sample from the news get design.","icon":"flaticon-settings"},{"title":"Feature & Offer - 2","description":"Get your proof tests delivered home collect a sample from the news get design.","icon":"flaticon-strategy"},{"title":"Customer Support","description":"Get your proof tests delivered home collect a sample from the news get design.","icon":"flaticon-conversation"}]}}}