{"data":{"maalemJson":{"features":{"slogan":"KEY FEATURES","title":"Why You Choose Our Loan","items":[{"id":1,"color":"#F55767","icon":{"publicURL":"/static/fc64827216c665adeac411ad2264b26e/icon1.svg"},"title":"Easy Onboarding","description":"Lorem ipsum dolor sit amet, consect adipiscing elit. Etiam sollicitudin erat non purus ultrices.ultrices vulputate."},{"id":2,"color":"#ff4742","icon":{"publicURL":"/static/a6b8e374d331df4ddb70dd3eaa48973b/icon2.svg"},"title":"Instant Approval","description":"Lorem ipsum dolor sit amet, consect adipiscing elit1 sollicitudin erat non purus ultrices ultrices vulputate."},{"id":3,"color":"#fb5781","icon":{"publicURL":"/static/6ab63c86ef8fe6fd32e867b361503288/icon3.svg"},"title":"Affordable Loan","description":"Lorem ipsum dolor sit amet, consect adipiscing elit2 sollicitudin erat non purus ultrices ultrices vulputate."},{"id":4,"color":"#f18e47","icon":{"publicURL":"/static/be00417b4c53ab1a7ef05aabfd3b87f3/icon4.svg"},"title":"Customize Loan","description":"Lorem ipsum dolor sit amet, consect adipiscing elit3 sollicitudin erat non purus ultrices ultrices vulputate. "}]}}}}