{"data":{"saasModernJson":{"PROCESS_ITEMS":[{"title":"Download our app","description":"Get your blood tests delivered at home collect a sample from the news Get your blood tests delivered with terms.","image":{"publicURL":"/static/bf1eec0914f79a8d571044e417937af7/process-1.svg"}},{"title":"Create a free account","description":"Get your blood tests delivered at home collect a sample from the news Get your blood tests delivered with terms.","image":{"publicURL":"/static/cacbed52ff11bba3bf8e79f41f1d58ad/process-2.svg"}},{"title":"Now Start your journey","description":"Get your blood tests delivered at home collect a sample from the news Get your blood tests delivered with terms.","image":{"publicURL":"/static/527de7a9522cba03116a0cb42593e09e/process-3.svg"}}]}}}