{"data":{"sassMinimalJson":{"FOOTER_WIDGET":[{"title":"About Us","menuItems":[{"url":"#","text":"Support Center"},{"url":"#","text":"Customer Support"},{"url":"#","text":"About Us"},{"url":"#","text":"Copyright"}]},{"title":"Our Information","menuItems":[{"url":"#","text":"Return Policy"},{"url":"#","text":"Privacy Policy"},{"url":"#","text":"Terms & Conditions"},{"url":"#","text":"Site Map"}]},{"title":"My Account","menuItems":[{"url":"#","text":"Press inquiries"},{"url":"#","text":"Social media"},{"url":"#","text":"directories"},{"url":"#","text":"Images & B-roll"}]},{"title":"Policy","menuItems":[{"url":"#","text":"Application security"},{"url":"#","text":"Software principles"},{"url":"#","text":"Unwanted software policy"},{"url":"#","text":"Responsible supply chain"}]}]}}}