{"data":{"charityJson":{"featureData":{"title":"They Care, Do You?","slogan":"Here is how you can get involved and make a change.","features":[{"id":1,"title":"Sponsor A Water","description":"If you want to change the world, one wish at a time, help kids","icon":{"publicURL":"/static/15470718a0150b4e17ec52b12a3cafd3/1.svg"}},{"id":2,"title":"Pledge For A Cause","description":"If you want to change the world, one wish at a time.","icon":{"publicURL":"/static/cfac4743e882a0c292047e7db4126bd0/2.svg"}},{"id":3,"title":"Buy a Coffee","description":"If you want to change the world, one wish at a time.","icon":{"publicURL":"/static/e4c619ef9d67ea96222625d79c92f216/3.svg"}},{"id":4,"title":"Volunteer With Us","description":"If you want to change the world, one wish at a time, help kids","icon":{"publicURL":"/static/a1e8f4a80d8de81f72018a5a6a8082de/4.svg"}},{"id":5,"title":"Partner With Us","description":"If you want to change the world, one wish at.","icon":{"publicURL":"/static/9eb19496451732979259b4e0364b36ba/5.svg"}},{"id":6,"title":"Help us for Educational ","description":"If you want to change the world, one wish at a time.","icon":{"publicURL":"/static/36b65f2b12ba59ab6c07132723c32a3f/6.svg"}}]}}}}