{"data":{"portfolioJson":{"AWARDS":[{"awardName":"Free Software Advice","awardeeName":"Awardee","awardDetails":"Top Rated Easy Onboarding Companies USA","date":"The Jury 2018","awardLogo":{"publicURL":"/static/88462ece9cc80d59dc03e3a81a9b2c60/award-1.png"},"awardeeLogo":{"publicURL":"/static/fc4ed60dd12f7f4dd09639214ea1ec78/awardee-1.png"}},{"awardName":"Free Software Advice","awardeeName":"Awardee","awardDetails":"Top Rated Easy Onboarding Companies USA","date":"The Jury 2018","awardLogo":{"publicURL":"/static/efac0cb2fb97800c4e3f4a2f7951e185/award-2.png"},"awardeeLogo":{"publicURL":"/static/2a015a89dac7a233f157a63c6b287986/awardee-2.png"}},{"awardName":"Free Software Advice","awardeeName":"Awardee","awardDetails":"Top Rated Easy Onboarding Companies USA","date":"The Jury 2018","awardLogo":{"publicURL":"/static/f72c326fbc9ecffd12ba0ba8436c819b/award-3.png"},"awardeeLogo":{"publicURL":"/static/2249455b5f1b6fb281abd0f2ca4504f7/awardee-3.png"}},{"awardName":"Free Software Advice","awardeeName":"Awardee","awardDetails":"Top Rated Easy Onboarding Companies USA","date":"The Jury 2018","awardLogo":{"publicURL":"/static/389ed5d81e1a5e814195544a575d6c1a/award-4.png"},"awardeeLogo":{"publicURL":"/static/6fec90940e386f25d56e5dd33c83c706/awardee-4.png"}}]}}}