{"data":{"sassMinimalJson":{"FAQ_DATA":[{"expend":null,"title":"What is the process of project final delivery system?","description":"Our core members created this place for Designers, Developers, Product Owners, Marketing Managers, Startupers, Freelancers and really for everyone who appreciates fine designs and well-crafted sites. We want to inspire and support you in the process of creating your own unique website projects."},{"expend":null,"title":"What is payment process, believe in upfront?","description":"Our core members created this place for Designers, Developers, Product Owners, Marketing Managers, Startupers, Freelancers and really for everyone who appreciates fine designs and well-crafted sites. We want to inspire and support you in the process of creating your own unique website projects."},{"expend":true,"title":"Any refund policy available if client don’t agree?","description":"Our core members created this place for Designers, Developers, Product Owners, Marketing Managers, Startupers, Freelancers and really for everyone who appreciates fine designs and well-crafted sites. We want to inspire and support you in the process of creating your own unique website projects."},{"expend":null,"title":"Estimate project budget for categories?","description":"Our core members created this place for Designers, Developers, Product Owners, Marketing Managers, Startupers, Freelancers and really for everyone who appreciates fine designs and well-crafted sites. We want to inspire and support you in the process of creating your own unique website projects."},{"expend":null,"title":"What is the process of project final delivery system?","description":"Our core members created this place for Designers, Developers, Product Owners, Marketing Managers, Startupers, Freelancers and really for everyone who appreciates fine designs and well-crafted sites. We want to inspire and support you in the process of creating your own unique website projects."},{"expend":null,"title":"All about project Customize Loan & monitaization","description":"Our core members created this place for Designers, Developers, Product Owners, Marketing Managers, Startupers, Freelancers and really for everyone who appreciates fine designs and well-crafted sites. We want to inspire and support you in the process of creating your own unique website projects."}]}}}