{"data":{"bannerImage":{"childImageSharp":{"fluid":{"aspectRatio":1.8782051282051282,"src":"/static/cae0de693ebef0658d69839c51376021/cafad/banner-image.png","srcSet":"/static/cae0de693ebef0658d69839c51376021/d0f60/banner-image.png 293w,\n/static/cae0de693ebef0658d69839c51376021/81480/banner-image.png 585w,\n/static/cae0de693ebef0658d69839c51376021/cafad/banner-image.png 1170w,\n/static/cae0de693ebef0658d69839c51376021/a5567/banner-image.png 1216w","sizes":"(max-width: 1170px) 100vw, 1170px"}}}}}