{"data":{"appClassicJson":{"pricing":{"slogan":"PRICING PLAN","title":"Choose your Prduct","monthly":[{"id":1,"title":"قرض المستهلك 1","suggested":false,"description":"For Small teams or office","features":[{"id":1,"text":"السحب والإفلات منشئ"},{"id":2,"text":"1000 من القوالب"},{"id":3,"text":"أدوات دعم المدونة"},{"id":4,"text":"متجر التجارة الإلكترونية"}],"price":0,"trail":null,"trailLink":null},{"id":2,"title":"قرض المستهلك 2","suggested":true,"description":"For Best opportunities","features":[{"id":1,"text":"السحب والإفلات منشئ"},{"id":2,"text":"1000 من القوالب"},{"id":3,"text":"أدوات دعم المدونة"},{"id":4,"text":"متجر التجارة الإلكترونية"}],"price":99,"trail":14,"trailLink":"#"}],"annualy":[{"id":1,"title":"قرض الأعمال 1","suggested":true,"description":"For Small teams or office","features":[{"id":1,"text":"السحب والإفلات منشئ"},{"id":2,"text":"1000 من القوالب"},{"id":3,"text":"أدوات دعم المدونة"},{"id":4,"text":"متجر التجارة الإلكترونية"}],"price":999,"trail":14,"trailLink":"#"},{"id":2,"title":"قرض الأعمال 2","suggested":false,"description":"For Best opportunities","features":[{"id":1,"text":"السحب والإفلات منشئ"},{"id":2,"text":"1000 من القوالب"},{"id":3,"text":"أدوات دعم المدونة"},{"id":4,"text":"متجر التجارة الإلكترونية"}],"price":1299,"trail":30,"trailLink":"#"}]}}}}