{"data":{"charityJson":{"workData":{"title":"How We Works","slogan":"Water is a non-profit organization bringing clean and safe drinking water to people in developing countries","features":[{"id":1,"icon":{"publicURL":"/static/3e7179a751c7c48039408fd7bd95a477/map-pin.svg"},"title":"We prove every project","description":"We track every dollar you raise, and show the projects you helped fund with photos."},{"id":2,"icon":{"publicURL":"/static/3aad6f5c23c006517576fc12a042363f/search-icon.svg"},"title":"We’re an open book","description":"We’ve consistently received the highest grades available for accountability."},{"id":3,"icon":{"publicURL":"/static/0fad3fa0e0e6e37460a80b0685757b5a/icon-100p.svg"},"title":"100% goes to the field","description":"Private donors cover our operating costs so 100% of your money can fund water projects."}]}}}}