{"data":{"sassMinimalJson":{"CUSTOMER_TRACKING":[{"tagline":"Audience source monitoring","heading":"Track your audience and bounce rate with unique customers","content":"Build an incredible workplace and grow your business with Gusto’s all-in-one platform with amazing contents. We’re driven beyond just finishing the projects. We want to find smart business solutions with ideas.","btnLink":"#","btnLabel":"Explore details","image":{"publicURL":"/static/ca2f14d599c5c054fe3ccae1a9bac1e4/track-customer.png"}}]}}}