{"data":{"saasJson":{"Faq":[{"id":1,"title":"How to contact with Customer Service?","description":"Our Customer Experience Team is available 7 days a week and we offer 2 ways to get in contact.Email and Chat . We try to reply quickly, so you need not to wait too long for a response!. ","expend":true},{"id":2,"title":"App installation failed, how to update system information?","description":"Please read the documentation carefully . We also have some online  video tutorials regarding this issue . If the problem remains, Please Open a ticket in the support forum . ","expend":null},{"id":3,"title":"Website reponse taking time, how to improve?","description":"At first, Please check your internet connection . We also have some online  video tutorials regarding this issue . If the problem remains, Please Open a ticket in the support forum .","expend":null},{"id":4,"title":"New update fixed all bug and issues?","description":"We are giving the update of this theme continuously . You will receive an email Notification when we push an update. Always try to be updated with us .","expend":null},{"id":4,"title":"New update fixed all bug and issues?","description":"It is a long established fact that a reader will be distracted by the readable content of a page when looking at its layout. The point of using Lorem Ipsum is that it has a more-or-less normal distribution of letters, as opposed to using 'Content here, content here', making it look like readable English.","expend":null}]}}}