{"data":{"rideJson":{"MENU_ITEMS":[{"label":"Home","path":"#banner_section","offset":"70"},{"label":"Ride","path":"#ride_section","offset":"70"},{"label":"Fare Estimate","path":"#fare_section","offset":"70"},{"label":"Features","path":"#feature_section","offset":"70"},{"label":"News","path":"#news_section","offset":"70"}],"MENU_LEFT_ITEMS":[{"label":"Home","path":"#banner_section","offset":"70"},{"label":"Ride","path":"#ride_section","offset":"70"},{"label":"Fare Estimate","path":"#fare_section","offset":"70"},{"label":"Features","path":"#feature_section","offset":"70"},{"label":"News","path":"#news_section","offset":"70"}],"MENU_RIGHT_ITEMS":[{"label":"Login","path":"#","offset":"70"},{"label":"Sign Up","path":"#","offset":"70"}]}}}