{"data":{"appClassicJson":{"features":{"slogan":"PRODUCT COMPARISON","title":"Why You Choose Our Loan","items":[{"id":1,"color":"#F55767","icon":{"publicURL":"/static/3834ab5345f108ed7078cb627ea47811/featureIcon-1.svg"},"title":"Easy Onboarding","description":"Get your proof tests delivered home collect a sample from the news get design."},{"id":2,"color":"#3DABDD","icon":{"publicURL":"/static/8fbead72278583603b0e373790adadaf/featureIcon-2.svg"},"title":"Instant Approval","description":"Get your proof tests delivered home collect a sample from the news get design."},{"id":3,"color":"#D6AB00","icon":{"publicURL":"/static/48d0f85c9b383215121403a17b36bcc5/featureIcon-3.svg"},"title":"Affordable Loan","description":"Get your proof tests delivered home collect a sample from the news get design."},{"id":4,"color":"#40975F","icon":{"publicURL":"/static/07bccc098594efd81c2716d90ee4ffb9/featureIcon-4.svg"},"title":"Customize Loan","description":"Get your proof tests delivered home collect a sample from the news get design."},{"id":5,"color":"#5856D6","icon":{"publicURL":"/static/938cd4339c84ef7e082ae92e6aafc7a1/featureIcon-5.svg"},"title":"Feature & Offer - 2","description":"Get your proof tests delivered home collect a sample from the news get design."},{"id":6,"color":"#E97325","icon":{"publicURL":"/static/30ff3e21a37964bf6b27814df228392d/featureIcon-6.svg"},"title":"Customer Support","description":"Get your proof tests delivered home collect a sample from the news get design."}]}}}}