{"data":{"sassMinimalJson":{"MONTHLY_PRICING_TABLE":[{"isRecomended":false,"price":"$8.93","priceLabel":"/mo","name":"Starter Pack","listItems":[{"isDisabled":false,"content":"500 users"},{"isDisabled":false,"content":"Own analytics platform"},{"isDisabled":false,"content":"Unlimited links"},{"isDisabled":false,"content":"Chat promt supported"},{"isDisabled":true,"content":"Optimzed hashtags"}],"url":"#","buttonLabel":"Create Account"},{"isRecomended":true,"price":"$15.93","priceLabel":"/mo","name":"Standard Pack","listItems":[{"isDisabled":false,"content":"Own analytics platform"},{"isDisabled":false,"content":"Unlimited links"},{"isDisabled":false,"content":"Chat promt supported"},{"isDisabled":false,"content":"Optimzed hashtags"}],"url":"#","buttonLabel":"Create Account"},{"isRecomended":false,"price":"Let’s Talk","priceLabel":"","name":"For business enterprise","listItems":[{"isDisabled":false,"content":"10,000 users"},{"isDisabled":false,"content":"Own analytics platform"},{"isDisabled":false,"content":"Unlimited links"},{"isDisabled":false,"content":"Chat promt supported"},{"isDisabled":false,"content":"Optimzed hashtags"}],"url":"#","buttonLabel":"Create Account"}],"YEARLY_PRICING_TABLE":[{"isRecomended":false,"price":"$40.43","priceLabel":"/yr","name":"Starter Pack","listItems":[{"isDisabled":false,"content":"500 users"},{"isDisabled":false,"content":"Own analytics platform"},{"isDisabled":false,"content":"Unlimited links"},{"isDisabled":false,"content":"Chat promt supported"},{"isDisabled":true,"content":"Optimzed hashtags"}],"url":"#","buttonLabel":"Create Account"},{"isRecomended":true,"price":"$75.79","priceLabel":"/yr","name":"Standard Pack","listItems":[{"isDisabled":false,"content":"Own analytics platform"},{"isDisabled":false,"content":"Unlimited links"},{"isDisabled":false,"content":"Chat promt supported"},{"isDisabled":false,"content":"Optimzed hashtags"}],"url":"#","buttonLabel":"Create Account"},{"isRecomended":false,"price":"Let’s Talk","priceLabel":"","name":"For business enterprise","listItems":[{"isDisabled":false,"content":"10,000 users"},{"isDisabled":false,"content":"Own analytics platform"},{"isDisabled":false,"content":"Unlimited links"},{"isDisabled":false,"content":"Chat promt supported"},{"isDisabled":false,"content":"Optimzed hashtags"}],"url":"#","buttonLabel":"Create Account"}]}}}