{"data":{"charityJson":{"humanityData":{"image":{"publicURL":"/static/afe11cd19919941b3279f0f638e7113c/humanity-glob.png"},"slogan":"ONLINE SOCIAL FUNDRAISING","title":"We need your help to promotr humanity","text":"Lorem ipsum dolor sit amet, consectetur adipiscing elit, sed do eiusmod tempor incididunt ut labore et dolore magna aliqua. Quis ipsum suspendisse ultrices gravida. Risus commodo viverra maecenas accumsan lacus vel facilisis.","lists":[{"id":1,"text":"Let them drink pure"},{"id":2,"text":"Ensure them medicare"},{"id":3,"text":"create opportunity of education"}]}}}}