{"data":{"charityJson":{"promotionData":{"image":{"publicURL":"/static/6e2e36d586d5c6b6fb57c4e718077a9f/promotion.svg"},"slogan":"GET YOUR COMMUNITY ON BOARD","title":"We are creating a world with basic safety for all.","text1":"We exist to permanently end violent conict and exploitation facing our world's most isolated and unprotected communities.","text2":"We partner with local visionaries in volatile conict zones to build community-run initiatives and drive global policy change to end violent conict, save lives, and give communities the safety they deserve.","lists":[{"id":1,"text":"Let them drink pure"},{"id":2,"text":"Ensure them medicare"},{"id":3,"text":"create opportunity of education"}]}}}}