{"data":{"sassMinimalJson":{"SERVICE_DATA":[{"title":"3D modeling & art","content":"Get your info tests delivered at home collect a sample from the your pogress tests.","image":{"publicURL":"/static/cdb255f04296a0e26c50dced644b6a76/service-1-1.png"}},{"title":"Digital promotion","content":"Get your info tests delivered at home collect a sample from the your pogress tests.","image":{"publicURL":"/static/2e0cc80aaa52e1444de91e524ba8d19c/service-1-2.png"}},{"title":"Business Enterprise","content":"Get your info tests delivered at home collect a sample from the your pogress tests.","image":{"publicURL":"/static/28baece126cd91fa48629e96cf693314/service-1-3.png"}},{"title":"Marketing & advertising","content":"Get your info tests delivered at home collect a sample from the your pogress tests.","image":{"publicURL":"/static/0d47c52db628994aa67312a6e05f353b/service-1-4.png"}},{"title":"Ultimate development","content":"Get your info tests delivered at home collect a sample from the your pogress tests.","image":{"publicURL":"/static/4fdccb85df23eb99b23898e6745d6da9/service-1-5.png"}},{"title":"Online support","content":"Get your info tests delivered at home collect a sample from the your pogress tests.","image":{"publicURL":"/static/d83967053a1cbed856e7cc5609a665a6/service-1-6.png"}}]}}}