{"data":{"hostingJson":{"FEATURES_DATA":[{"title":"Domain Registration & Web Hosting","icon":"flaticon-trophy violate","description":"We have support team for 24/7 operation. They provide help and ongoing assistance at any time.","animation":true},{"title":"Website Design & Development","icon":"flaticon-startup yellow","description":"Transferring from another host? Our expert support team is standing by to transfer your site.","animation":true},{"title":"Dedicated Server & Cloud Hosting","icon":"flaticon-creative green","description":"LiteSpeed Web Server is a high-performance HTTP server and known for its high performance.","animation":true}]}}}