{"data":{"interiorJson":{"projectData":{"title":"WORK PROCEDURE","slogan":"How We Do Our Projects","thumb_url":{"publicURL":"/static/4ab50d866e63b74b92c6e69060b23022/1.png"},"projects":[{"id":1,"text":"Create a mind map to brainstorm your project to inspire new ideas. Use a simple piece of paper, poster, or whiteboard for your mind map and we write the destination of your project in the middle.We  Write down related topics, subtopics, and relevant concepts around the goal and branch from them to create and follow different tangents.","text2":"When you conduct a group project, each group member can benefit from the ideas of others and gain new insights by brainstorming together."},{"id":2,"text":"Schedule a brainstorming session in a quiet place with few distractions. If you are working on a project alone, you can use group discussions with friends or colleagues to gain a new perspective on the topic. When you conduct a group project, each group member can benefit from the ideas of others and gain new insights by brainstorming together.","text2":"Completing a successful project requires a significant amount of time and work, which means evaluating your priorities and planning your course of action."},{"id":3,"text":"Create a mind map to brainstorm your project to inspire new ideas. Use a simple piece of paper, poster, or whiteboard for your mind map and we write the destination of your project in the middle.We  Write down related topics, subtopics, and relevant concepts around the goal and branch from them to create and follow different tangents.","text2":"When you conduct a group project, each group member can benefit from the ideas of others and gain new insights by brainstorming together."}]}}}}