{"data":{"appClassicJson":{"footer":{"logo":{"publicURL":"/static/876c9a8284bfdf03fa414489643b9a2c/logoWhite.png"},"menu":[{"id":1,"link":"#","text":"Home"},{"id":2,"link":"#","text":"Adversite"},{"id":3,"link":"#","text":"Supports"},{"id":4,"link":"#","text":"Marketing"},{"id":5,"link":"#","text":"Contact"}],"widgets":[{"id":1,"icon":{"publicURL":"/static/bede5c7aa9ffafdd0f15a61e184bdc36/chat.svg"},"title":"Facebok","description":"Lorem ipsum dolor sit amet consectetur adipisicing elit sed eiusmod tempor incididunt labore dolore."},{"id":2,"icon":{"publicURL":"/static/37ee0abe675a72bb4a53701f0545713d/group.svg"},"title":"Customer Support","description":"Lorem ipsum dolor sit amet consectetur adipisicing elit sed eiusmod tempor incididunt labore dolore."},{"id":3,"icon":{"publicURL":"/static/631cd5664eb1d4a27681a21ca4ad6126/twitter.svg"},"title":"Twitter","description":"Lorem ipsum dolor sit amet consectetur adipisicing elit sed eiusmod tempor incididunt labore dolore."}]}}}}