{"data":{"charityJson":{"menuWidgets":[{"id":1,"title":"FUNDRAISE FOR","menu":[{"id":1,"link":"#1","text":"Medical"},{"id":2,"link":"#1","text":"Emergency"},{"id":3,"link":"#1","text":"Memorial"},{"id":4,"link":"#1","text":"Education"},{"id":5,"link":"#1","text":"Charity"},{"id":6,"link":"#1","text":"Nonprofit organization"}]},{"id":2,"title":"LEARN MORE","menu":[{"id":1,"link":"#1","text":"How invisiblechildren works"},{"id":2,"link":"#1","text":"Pricing and Fees"},{"id":3,"link":"#1","text":"Common questions"},{"id":4,"link":"#1","text":"Success stories"},{"id":5,"link":"#1","text":"Supported countries"}]},{"id":3,"title":"RESOURCES","menu":[{"id":1,"link":"#1","text":"Help center"},{"id":2,"link":"#1","text":"Blog"},{"id":3,"link":"#1","text":"GoFundMe Stories"},{"id":4,"link":"#1","text":"Press center"},{"id":5,"link":"#1","text":"Careers"},{"id":6,"link":"#1","text":"About"}]}]}}}