{"data":{"maalemJson":{"footer":{"logo":{"publicURL":"/static/876c9a8284bfdf03fa414489643b9a2c/logoWhite.png"},"menu":[{"id":1,"link":"#","text":"Home"},{"id":2,"link":"#","text":"Adversite"},{"id":3,"link":"#","text":"Supports"},{"id":4,"link":"#","text":"Marketing"},{"id":5,"link":"#","text":"Contact"}],"widgets":[{"id":1,"icon":{"publicURL":"/static/1621e2705b0bbccad20d809cdd0519e3/facebook1.svg"},"title":"Facebook","description":"Lorem ipsum dolor sit amet consectetur adipisicing elit ."},{"id":2,"icon":{"publicURL":"/static/f7aca9c563c50f72b88ab098211f3e57/twitter2.svg"},"title":"Twitter","description":"Partners can Click here to login and see Sales Dashboard."},{"id":3,"icon":{"publicURL":"/static/743316d71305fa8916e9c86bf8e1a1fe/instagram1.svg"},"title":"Instagram","description":"Lorem ipsum dolor sit amet consectetur adipisicing elit ."},{"id":4,"icon":{"publicURL":"/static/0884ea3458a066cad9d9cd9c4e0ba078/linkedin2.svg"},"title":"Linkedin","description":"Lorem ipsum dolor sit amet consectetur adipisicing elit ."},{"id":5,"icon":{"publicURL":"/static/f70547123e79be08c0508dcd28497bf5/youtube1.svg"},"title":"Youtube","description":"Lorem ipsum dolor sit amet consectetur adipisicing elit ."}]}}}}