{"data":{"agencyDigitalJson":{"footer":[{"id":1,"title":"Company","list":[{"id":1,"title":"About","link":"#"},{"id":2,"title":"Affiliate","link":"#"},{"id":3,"title":"Careers & Culture","link":"#"},{"id":4,"title":"Blog","link":"#"},{"id":5,"title":"Press","link":"#"}]},{"id":2,"title":"About Us","list":[{"id":1,"title":"Support Center","link":"#"},{"id":2,"title":"Customer Support","link":"#"},{"id":3,"title":"About Us","link":"#"},{"id":4,"title":"Copyright","link":"#"},{"id":5,"title":"Popular Campaign","link":"#"}]},{"id":3,"title":"Our Information","list":[{"id":1,"title":"Return Policy ","link":"#"},{"id":2,"title":"Privacy Policy","link":"#"},{"id":3,"title":"Terms & Conditions","link":"#"},{"id":4,"title":"Site Map","link":"#"},{"id":5,"title":"Store Hours","link":"#"}]},{"id":4,"title":"My Account","list":[{"id":1,"title":"Press inquiries","link":"#"},{"id":2,"title":"Social media ","link":"#"},{"id":3,"title":"directories","link":"#"},{"id":4,"title":"Images & B-roll","link":"#"},{"id":5,"title":"Permissions","link":"#"}]},{"id":5,"title":"Policy","list":[{"id":1,"title":"Application security","link":"#"},{"id":2,"title":"Software principles","link":"#"},{"id":3,"title":"Unwanted software policy","link":"#"},{"id":4,"title":"Responsible supply chain","link":"#"}]}],"footerNav":[{"id":1,"title":"Home","link":"#"},{"id":2,"title":"Advertise","link":"#"},{"id":3,"title":"Supports","link":"#"},{"id":4,"title":"Marketing","link":"#"},{"id":5,"title":"FAQ","link":"#"}]}}}