{"data":{"cryptoModernJson":{"FooterData":[{"title":"About Us","menuItems":[{"text":"Support Center","url":"#"},{"text":"Customer Support","url":"#"},{"text":"About Us","url":"#"},{"text":"Copyright","url":"#"},{"text":"Popular Campaign","url":"#"}]},{"title":"Our Information","menuItems":[{"text":"Return Policy","url":"#"},{"text":"Privacy Policy","url":"#"},{"text":"Terms & Conditions","url":"#"},{"text":"Site Map","url":"#"},{"text":"Store Hours","url":"#"}]},{"title":"My Account","menuItems":[{"text":"Press inquiries","url":"#"},{"text":"Social media directories","url":"#"},{"text":"Images & B-roll","url":"#"},{"text":"Permissions","url":"#"},{"text":"Speaker requests","url":"#"}]},{"title":"Policy","menuItems":[{"text":"Application security","url":"#"},{"text":"Software principles","url":"#"},{"text":"Unwanted software policy","url":"#"},{"text":"Responsible supply chain","url":"#"}]}]}}}