{"data":{"agencyJson":{"menuWidget":[{"id":1,"title":"About Us","menuItems":[{"id":1,"text":"Support Center","url":"#1"},{"id":2,"text":"Customer Support","url":"#2"},{"id":3,"text":"About Us","url":"#3"},{"id":4,"text":"Copyright","url":"#4"},{"id":5,"text":"Popular Campaign","url":"#5"}]},{"id":2,"title":"Our Information","menuItems":[{"id":1,"text":"Return Policy","url":"#1"},{"id":2,"text":"Privacy Policy","url":"#2"},{"id":3,"text":"Terms & Conditions","url":"#2"},{"id":4,"text":"Site Map","url":"#4"},{"id":5,"text":"Store Hours","url":"#5"}]},{"id":3,"title":"My Account","menuItems":[{"id":1,"text":"Press inquiries","url":"#1"},{"id":2,"text":"Social media directories","url":"#2"},{"id":3,"text":"Images & B-roll","url":"#3"},{"id":4,"text":"Permissions","url":"#4"},{"id":5,"text":"Speaker requests","url":"#5"}]},{"id":4,"title":"Policy","menuItems":[{"id":1,"text":"Application security","url":"#1"},{"id":2,"text":"Software principles","url":"#2"},{"id":3,"text":"Unwanted software policy","url":"#3"},{"id":4,"text":"Responsible supply chain","url":"#4"}]}]}}}