{"data":{"appClassicJson":{"appSlider":{"title":"All About Financial Need","description":"The rise of mobile devices transforms the way we consume information entirely and the world's most elevant channels such as Facebook.","features":[{"id":1,"icon":"flaticon-bitcoin","title":"Automatic Payouts","description":"Casinos no longer control the payout process."},{"id":2,"icon":"flaticon-atom","title":"Network Effect","description":"Big player rewards with the added security and transparency provided by the blockchain."},{"id":3,"icon":"flaticon-money-bag","title":"Bigger Rewards Method","description":"Casinos contribute 1% of wagers to decentralised prize pool Players are incentivized to play more to win bigger rewards."}],"carousel":[{"id":1,"title":"App Slide 1","image":{"publicURL":"/static/7fc2daa378e5fdc4230a58898edbf471/appSlider1.png"}},{"id":2,"title":"App Slide 1","image":{"publicURL":"/static/516d60107814acc5c1eaa35a224a4d9d/appSlider2.png"}},{"id":3,"title":"App Slide 1","image":{"publicURL":"/static/516d60107814acc5c1eaa35a224a4d9d/appSlider3.png"}}]}}}}