{
	"navbar": {
		"logo": "../../assets/image/maalem/logo.png",
		"navMenu": [
			{
				"id": 1,
				"label": "Home",
				"path": "#home",
				"offset": "84"
			},
			{
				"id": 2,
				"label": "About Us",
				"path": "#team",
				"offset": "81"
			},
			{
				"id": 3,
				"label": "Products",
				"path": "#pricing",
				"offset": "81"
			},
			{
				"id": 4,
				"label": "Features",
				"path": "#features",
				"offset": "81"
			},
			{
				"id": 5,
				"label": "Blogs/FAQ",
				"path": "#testimonial",
				"offset": "81"
			},
			{
				"id": 6,
				"label": "Contact Us",
				"path": "#contactus",
				"offset": "81"
			},
			{
				"id": 7,
				"label": "Login",
				"path": "#login",
				"offset": "81"
			}
		]
	},

	"client": [
		{
			"id": 1,
			"image": "../../assets/image/maalem/company1.png",
			"title": "The new york times"
		},
		{
			"id": 2,
			"image": "../../assets/image/maalem/company2.png",
			"title": "amazon"
		},
		{
			"id": 3,
			"image": "../../assets/image/maalem/company3.png",
			"title": "evernote"
		},
		{
			"id": 4,
			"image": "../../assets/image/maalem/company4.png",
			"title": "the verge"
		}
	],

	"features": {
		"slogan": "KEY FEATURES",
		"title": "Why You Choose Our Loan2",
		"items": [
			{
				"id": 1,
				"color": "#F55767",
				"icon": "../../assets/image/maalem/easyonboarding.png",
				"title": "Easy Onboarding",
				"description": "Lorem ipsum dolor sit amet, consect adipiscing elit0. Etiam sollicitudin erat non purus ultrices.ultrices vulputate."
			},
			{
				"id": 2,
				"color": "#ff4742",
				"icon": "../../assets/image/maalem/instantapproval.png",
				"title": "Instant Approval",
				"description": "Lorem ipsum dolor sit amet, consect adipiscing elit1 sollicitudin erat non purus ultrices ultrices vulputate."
			},
			{
				"id": 3,
				"color": "#fb5781",
				"icon": "../../assets/image/maalem/affrdbleloan.png",
				"title": "Affordable Loan",
				"description": "Lorem ipsum dolor sit amet, consect adipiscing elit2 sollicitudin erat non purus ultrices ultrices vulputate."
			},
			{
				"id": 4,
				"color": "#f18e47",
				"icon": "../../assets/image/maalem/customizeloan.png",
				"title": "Customize Loan",
				"description": "Lorem ipsum dolor sit amet, consect adipiscing elit3 sollicitudin erat non purus ultrices ultrices vulputate. "
			}
		]
	},

	"appSlider": {
		"carousel": [
			{
				"id": 1,
				"image": "../../assets/image/maalem/appSlider1.png",
				"title": "App Slide 1"
			},
			{
				"id": 2,
				"image": "../../assets/image/maalem/appSlider2.png",
				"title": "App Slide 1"
			},
			{
				"id": 3,
				"image": "../../assets/image/maalem/appSlider3.png",
				"title": "App Slide 1"
			}
		],
		"title": "All About Financial Need",
		"description": "The rise of mobile devices transforms the way we consume information entirely and the world's most elevant channels such as Facebook.",
		"features": [
			{
				"id": 1,
				"icon": "../../assets/image/maalem/icon1.svg",
				"title": "Feature & Offer - 1",
				"description": "Surprice your clients with professional looking invoices."
			},
			{
				"id": 2,
				"icon": "../../assets/image/maalem/icon1.svg",
				"title": "Feature & Offer - 2",
				"description": "UI/UX Design by following and maintaining the latest trends ."
			},
			{
				"id": 3,
				"icon": "../../assets/image/maalem/icon1.svg",
				"title": "Feature & Offer - 3",
				"description": "A Dedicated support team will be always ready for you."
			}
		]
	},

	"designAndBuilt": {
		"image": "../../assets/image/maalem/code.png",
		"slogan": "Loan Calculator",
		"title": "Calculate & Customize Loan EMI",
		"description": "Lorem ipsum dolor sit amet consectetur adipisicing elit sed eiusmod tempor incididunt labore dolore features that Lorem ipsum dolor sit amet consectetur."
	},

	"productData": {
		"slogan": "PRODUCT SHOWCASE",
		"title": "Meet Client Satisfaction by using our product",
		"slider": [
			{
				"id": 1,
				"thumb_url": "../../assets/image/maalem/page1.png",
				"link": "#1",
				"title": "slide 1"
			},
			{
				"id": 2,
				"thumb_url": "../../assets/image/maalem/page2.png",
				"link": "#1",
				"title": "slide 2"
			},
			{
				"id": 3,
				"thumb_url": "../../assets/image/maalem/page3.png",
				"link": "#1",
				"title": "slide 3"
			},

			{
				"id": 4,
				"thumb_url": "../../assets/image/maalem/page4.png",
				"link": "#1",
				"title": "slide 4"
			},

			{
				"id": 5,
				"thumb_url": "../../assets/image/maalem/page5.png", 
				"link": "#1",
				"title": "slide 5"
			},
			{
				"id": 6,
				"thumb_url": "../../assets/image/maalem/page6.png",
				"link": "#1",
				"title": "slide 6"
			}
		]
	},

	"pricing": {
		"slogan": "Loan Products",
		"title": "Choose your Prduct",
		"monthly": [
			{
				"id": 1,
				"title": "Consumer Loan1",
				"description": "For Small Need",
				"suggested": false,
				"price": 0,
				"features": [
					{
						"id": 1,
						"text": "Loan Benefit-001"
					},
					{
						"id": 2,
						"text": "Loan Benefit-002"
					},
					{
						"id": 3,
						"text": "Loan Benefit-003"
					},
					{
						"id": 4,
						"text": "Loan Benefit-004"
					}
				]
			},
			{
				"id": 2,
				"title": "Consumer Loan2",
				"description": "For Best opportunities",
				"suggested": true,
				"price": 99,
				"trail": 14,
				"trailLink": "#",
				"features": [
					{
						"id": 1,
						"text": "Loan Benefit-005"
					},
					{
						"id": 2,
						"text": "Loan Benefit-006"
					},
					{
						"id": 3,
						"text": "Loan Benefit-007"
					},
					{
						"id": 4,
						"text": "Loan Benefit-008"
					}
				]
			}
		],
		"annualy": [
			{
				"id": 1,
				"title": "Business Loan1",
				"description": "For Small teams or office",
				"suggested": true,
				"price": 999,
				"trail": 14,
				"trailLink": "#",
				"features": [
					{
						"id": 1,
						"text": "Loan Benefit-009"
					},
					{
						"id": 2,
						"text": "Loan Benefit-010"
					},
					{
						"id": 3,
						"text": "Loan Benefit-011"
					},
					{
						"id": 4,
						"text": "Loan Benefit-012"
					}
				]
			},
			{
				"id": 2,
				"title": "Business Loan2",
				"description": "For Best opportunities",
				"suggested": false,
				"price": 1299,
				"trail": 30,
				"trailLink": "#",
				"features": [
					{
						"id": 1,
						"text": "Loan Benefit-013"
					},
					{
						"id": 2,
						"text": "Loan Benefit-014"
					},
					{
						"id": 3,
						"text": "Loan Benefit-015"
					},
					{
						"id": 4,
						"text": "Loan Benefit-016"
					}
				]
			}
		]
	},

	"teamportfolio": {
		"title": "Meet our awesome team members, work behind the sense",
		"description": "Lorem ipsum dolor sit amet consectetur adipisicing elit sed eiusmod tempor incididunt labore dolore features that Lorem ipsum dolor sit amet consectetur.",

		"teammember": [
			{
				"id": 1,
				"img": "../../assets/image/maalem/1.png",
				"text": "برلين كورليون ، الرئيس التنفيذي"
			},
			{
				"id": 2,
				"img": "../../assets/image/maalem/2.png",
				"text": "جونا وايت ، المدير المالي"
			},
			{
				"id": 3,
				"img": "../../assets/image/maalem/3.png",
				"text": "مايكل برايس ، رئيس قسم المعلومات"
			},
			{
				"id": 4,
				"img": "../../assets/image/maalem/4.png",
				"text": "فيتو جاكسون ، رئيس قسم التكنولوجيا"
			},
			{
				"id": 5,
				"img": "../../assets/image/maalem/5.png",
				"text": "الآنسة كلير ، مدير العمليات"
			},
			{
				"id": 6,
				"img": "../../assets/image/maalem/6.png",
				"text": "كبير علي ، الرأس"
			},
			{
				"id": 7,
				"img": "../../assets/image/maalem/7.png",
				"text": "آرثوس دو"
			}
		]
	},

	"testimonial": {
		"slogan": "Frequently Asked Questions",
		"title": "More About Our Products, Tips, Plan, Offer and more...00",
		"reviews": [
			{
				"id": 1,
				"title": "This is Question Line-001 ?",
				"description": "Lorem ipsum dolor sit amet consectetur adipisicing elit sed eiusmod tempor incididunt labore dolore features Lorem ipsum dolor sit amet consectetur adipisicing.",
				"avatar": "https://pbs.twimg.com/profile_images/974736784906248192/gPZwCbdS.jpg",
				"name": "Jon Doe",
				"designation": "CEO of intelora.co.in.",
				"review": 4
			},
			{
				"id": 2,
				"title": "This is Question Line-002 ?",
				"description": "Lorem ipsum dolor sit amet consectetur adipisicing elit sed eiusmod tempor incididunt labore dolore features Lorem ipsum dolor sit amet consectetur adipisicing.",
				"avatar": "https://randomuser.me/api/portraits/women/44.jpg",
				"name": "Jeny Doe",
				"designation": "Co Founder of intelora.co.in.",
				"review": 5
			},
			{
				"id": 3,
				"title": "This is Question Line-003 ?",
				"description": "Lorem ipsum dolor sit amet consectetur adipisicing elit sed eiusmod tempor incididunt labore dolore features Lorem ipsum dolor sit amet consectetur adipisicing.",
				"avatar": "https://tinyfac.es/data/avatars/475605E3-69C5-4D2B-8727-61B7BB8C4699-500w.jpeg",
				"name": "Jon Doe",
				"designation": "Co Founder of intelora.co.in.",
				"review": 5
			}
		]
	},

	"footer": {
		"widgets": [
			{
				"id": 1,
				"icon": "../../assets/image/maalem/footer/facebook1.svg",
				"title": "Facebook",
				"description": "Lorem ipsum dolor sit amet consectetur adipisicing elit ."
			},
			{
				"id": 2,
				"icon": "../../assets/image/maalem/footer/twitter2.svg",
				"title": "Twitter",
				"description": "Partners can Click here to login and see Sales Dashboard."
			},
			{
				"id": 3,
				"icon": "../../assets/image/maalem/footer/instagram1.svg",
				"title": "Instagram",
				"description": "Lorem ipsum dolor sit amet consectetur adipisicing elit ."
			},{
				"id": 4,
				"icon": "../../assets/image/maalem/footer/linkedin2.svg",
				"title": "Linkedin",
				"description": "Lorem ipsum dolor sit amet consectetur adipisicing elit ."
			},{
				"id": 5,
				"icon": "../../assets/image/maalem/footer/youtube1.svg",
				"title": "Youtube",
				"description": "Lorem ipsum dolor sit amet consectetur adipisicing elit ."
			}
		],
		"logo": "../../assets/image/maalem/logoWhite.png",
		"menu": [
			{
				"id": 1,
				"text": "Home",
				"link": "#"
			},
			{
				"id": 2,
				"text": "Adversite",
				"link": "#"
			},
			{
				"id": 3,
				"text": "Supports",
				"link": "#"
			},
			{
				"id": 4,
				"text": "Marketing",
				"link": "#"
			},
			{
				"id": 5,
				"text": "Contact",
				"link": "#"
			}
		]
	}
}
